"STATION","NAME","DATE","MDPR","PRCP","SNOW","SNWD","TMAX","TMIN","WESD","WT01","WT03","WT04","WT06","WT11"
"USC00186350","NATIONAL ARBORETUM DC, MD US","2016-03-01",,"0.0","0.0","0.0","17.8","6.1",,,,,,
"USC00186350","NATIONAL ARBORETUM DC, MD US","2016-03-02",,"2.0","0.0","0.0","19.4","4.4",,,,,,
"USC00186350","NATIONAL ARBORETUM DC, MD US","2016-03-03",,"0.0","0.0","0.0","6.7","-3.3",,,,,,
"USC00186350","NATIONAL ARBORETUM DC, MD US","2016-03-04",,"2.5","30.0","25.0","6.1","0.0",,,,,,
"USC00186350","NATIONAL ARBORETUM DC, MD US","2016-03-05",,"0.0","0.0","0.0","5.6","1.1","0.0",,,,,
"USC00186350","NATIONAL ARBORETUM DC, MD US","2016-03-06",,"0.0","0.0","0.0","7.2","1.1",,,,,,
"USC00186350","NATIONAL ARBORETUM DC, MD US","2016-03-07",,"0.0","0.0","0.0","11.1","0.0",,,,,,
"USC00186350","NATIONAL ARBORETUM DC, MD US","2016-03-08",,"0.0","0.0","0.0","19.4","4.4",,,,,,
"USC00186350","NATIONAL ARBORETUM DC, MD US","2016-03-09",,"0.0","0.0","0.0","26.1","6.1",,,,,,
"USC00186350","NATIONAL ARBORETUM DC, MD US","2016-03-10",,"0.0","0.0",,"28.3","10.0",,,,,,
"USC00186350","NATIONAL ARBORETUM DC, MD US","2016-03-11",,"0.0","0.0","0.0","26.7","16.1",,,,,,
"USC00186350","NATIONAL ARBORETUM DC, MD US","2016-03-12",,"0.0","0.0",,"23.3","8.9",,,,,,
"USC00186350","NATIONAL ARBORETUM DC, MD US","2016-03-13",,"0.0",,,"15.6","10.6",,,,,,
"USC00186350","NATIONAL ARBORETUM DC, MD US","2016-03-14",,"12.2","0.0","0.0","15.6","10.0",,,,,,
"USC00186350","NATIONAL ARBORETUM DC, MD US","2016-03-15",,"0.8","0.0","0.0","12.2","7.8",,,,,,
"USC00186350","NATIONAL ARBORETUM DC, MD US","2016-03-16",,"0.5","0.0","0.0","18.3","7.2",,,,,,
"USC00186350","NATIONAL ARBORETUM DC, MD US","2016-03-17",,"0.0","0.0","0.0","23.9","6.1",,,,,,
"USC00186350","NATIONAL ARBORETUM DC, MD US","2016-03-18",,"0.0","0.0","0.0","20.6","6.1",,,,,,
"USC00186350","NATIONAL ARBORETUM DC, MD US","2016-03-19",,"0.0",,,"20.0","6.1",,,,,,
"USC00186350","NATIONAL ARBORETUM DC, MD US","2016-03-20",,"5.3",,,"7.8","2.8",,,,,,
"USC00186350","NATIONAL ARBORETUM DC, MD US","2016-03-21",,"0.0","0.0","0.0","6.1","1.7",,,,,,
"USC00186350","NATIONAL ARBORETUM DC, MD US","2016-03-22",,"0.0","0.0","0.0","12.2","-0.6",,,,,,
"USC00186350","NATIONAL ARBORETUM DC, MD US","2016-03-23",,"0.0",,,"17.2","0.6",,,,,,
"USC00186350","NATIONAL ARBORETUM DC, MD US","2016-03-24",,"0.0",,,"24.4","7.8",,,,,,
"USC00186350","NATIONAL ARBORETUM DC, MD US","2016-03-25",,"0.0",,,"25.6","10.6",,,,,,
"USC00186350","NATIONAL ARBORETUM DC, MD US","2016-03-26",,"0.5",,,"23.3","4.4",,,,,,
"USC00186350","NATIONAL ARBORETUM DC, MD US","2016-03-27",,"0.0",,,"17.2","5.0",,,,,,
"USC00186350","NATIONAL ARBORETUM DC, MD US","2016-03-28",,"10.4","0.0","0.0","13.9","9.4",,,,,,
"USC00186350","NATIONAL ARBORETUM DC, MD US","2016-03-29",,"1.0",,,"21.1","8.3",,,,,,
"USC00186350","NATIONAL ARBORETUM DC, MD US","2016-03-30",,"0.0",,,"16.7","0.6",,,,,,
"USC00186350","NATIONAL ARBORETUM DC, MD US","2016-03-31",,"0.0","0.0","0.0","18.3","5.0",,,,,,
"USC00186350","NATIONAL ARBORETUM DC, MD US","2016-04-01",,"0.0","0.0","0.0","23.3","12.8",,,,,,
"USC00186350","NATIONAL ARBORETUM DC, MD US","2016-04-02",,"2.5","0.0","0.0","28.9","10.0",,,,,,
"USC00186350","NATIONAL ARBORETUM DC, MD US","2016-04-03",,"3.0","0.0","0.0","17.2","2.2",,,,,,
"USC00186350","NATIONAL ARBORETUM DC, MD US","2016-04-04",,"0.5","0.0","0.0","12.2","2.8",,,,,,
"USC00186350","NATIONAL ARBORETUM DC, MD US","2016-04-05",,"2.0","0.0","0.0","22.2","-1.1",,,,,,
"USC00186350","NATIONAL ARBORETUM DC, MD US","2016-04-06",,"0.0","0.0","0.0","8.3","-2.2",,,,,,
"USC00186350","NATIONAL ARBORETUM DC, MD US","2016-04-07",,"1.0","0.0","0.0","13.9","0.0",,,,,,
"USC00186350","NATIONAL ARBORETUM DC, MD US","2016-04-08",,"16.3","0.0","0.0","17.8","6.7",,,,,,
"USC00186350","NATIONAL ARBORETUM DC, MD US","2016-04-09",,"2.0","0.0","0.0","12.2","3.9",,,,,,
"USC00186350","NATIONAL ARBORETUM DC, MD US","2016-04-10",,"0.8","0.0","0.0","10.0","-0.6","0.0",,,,,
"USC00186350","NATIONAL ARBORETUM DC, MD US","2016-04-11",,"0.0","0.0","0.0","11.7","1.1",,,,,,
"USC00186350","NATIONAL ARBORETUM DC, MD US","2016-04-12",,"0.8","0.0","0.0","23.3","8.9",,,,,,
"USC00186350","NATIONAL ARBORETUM DC, MD US","2016-04-13",,"0.0","0.0","0.0","18.3","4.4",,,,,,
"USC00186350","NATIONAL ARBORETUM DC, MD US","2016-04-14",,"0.0","0.0","0.0","15.6","2.2",,,,,,
"USC00186350","NATIONAL ARBORETUM DC, MD US","2016-04-15",,"0.0","0.0","0.0","18.3","3.3",,,,,,
"USC00186350","NATIONAL ARBORETUM DC, MD US","2016-04-16",,"0.0","0.0","0.0","18.9","5.0",,,,,,
"USC00186350","NATIONAL ARBORETUM DC, MD US","2016-04-17",,"0.0","0.0","0.0","22.8","5.0",,,,,,
"USC00186350","NATIONAL ARBORETUM DC, MD US","2016-04-18",,"0.0","0.0","0.0","24.4","8.3",,,,,,
"USC00186350","NATIONAL ARBORETUM DC, MD US","2016-04-19",,"0.0","0.0","0.0","28.3","10.6",,,,,,
"USC00186350","NATIONAL ARBORETUM DC, MD US","2016-04-20",,"0.0","0.0","0.0","28.3","6.1",,,,,,
"USC00186350","NATIONAL ARBORETUM DC, MD US","2016-04-21",,"0.0","0.0","0.0","22.8","10.0",,,,,,
"USC00186350","NATIONAL ARBORETUM DC, MD US","2016-04-22",,"0.0","0.0","0.0","23.9","12.2",,,,,,
"USC00186350","NATIONAL ARBORETUM DC, MD US","2016-04-23",,"0.0","0.0","0.0","23.3","16.7",,,,,,
"USC00186350","NATIONAL ARBORETUM DC, MD US","2016-04-24",,"5.6","0.0","0.0","22.2","6.7",,,,,,
"USC00186350","NATIONAL ARBORETUM DC, MD US","2016-04-25",,"0.0","0.0","0.0","21.7","8.9",,,,,,
"USC00186350","NATIONAL ARBORETUM DC, MD US","2016-04-26",,"0.0","0.0","0.0","26.7","11.7",,,,,,
"USC00186350","NATIONAL ARBORETUM DC, MD US","2016-04-27",,"0.0","0.0","0.0","30.0","12.8",,,,,,
"USC00186350","NATIONAL ARBORETUM DC, MD US","2016-04-28",,"1.0","0.0","0.0","13.3","11.1",,,,,,
"USC00186350","NATIONAL ARBORETUM DC, MD US","2016-04-29",,"14.5","0.0","0.0","13.3","8.9",,,,,,
"USC00186350","NATIONAL ARBORETUM DC, MD US","2016-04-30",,"0.5","0.0","0.0","13.3","8.9",,,,,,
"USC00186350","NATIONAL ARBORETUM DC, MD US","2016-05-01",,"7.4","0.0","0.0","15.0","10.6","0.0",,,,,
"USC00186350","NATIONAL ARBORETUM DC, MD US","2016-05-02",,"6.6","0.0","0.0","16.7","12.8","0.0",,,,,
"USC00186350","NATIONAL ARBORETUM DC, MD US","2016-05-03",,"22.6","0.0","0.0","26.7","15.6","0.0",,,,,
"USC00186350","NATIONAL ARBORETUM DC, MD US","2016-05-04",,"3.3","0.0","0.0","23.9","12.8","0.0",,,,,
"USC00186350","NATIONAL ARBORETUM DC, MD US","2016-05-05",,"0.8","0.0","0.0","15.6","10.0","0.0",,,,,
"USC00186350","NATIONAL ARBORETUM DC, MD US","2016-05-06",,"3.3","0.0","0.0","13.9","10.6","0.0",,,,,
"USC00186350","NATIONAL ARBORETUM DC, MD US","2016-05-07",,"23.1","0.0","0.0","15.6","11.7","0.0",,,,,
"USC00186350","NATIONAL ARBORETUM DC, MD US","2016-05-08",,"5.1","0.0","0.0","18.3","12.8","0.0",,,,,
"USC00186350","NATIONAL ARBORETUM DC, MD US","2016-05-09",,"0.0","0.0","0.0","22.8","6.7","0.0",,,,,
"USC00186350","NATIONAL ARBORETUM DC, MD US","2016-05-10",,"2.0","0.0","0.0","19.4","13.3","0.0",,,,,
"USC00186350","NATIONAL ARBORETUM DC, MD US","2016-05-11",,"2.3","0.0","0.0","17.8","12.2","0.0",,,,,
"USC00186350","NATIONAL ARBORETUM DC, MD US","2016-05-12",,"4.6","0.0","0.0","18.3","12.8","0.0",,,,,
"USC00186350","NATIONAL ARBORETUM DC, MD US","2016-05-13",,"0.0","0.0","0.0","20.0","17.2","0.0",,,,,
"USC00186350","NATIONAL ARBORETUM DC, MD US","2016-05-14",,"2.8","0.0","0.0","25.6","10.0","0.0",,,,,
"USC00186350","NATIONAL ARBORETUM DC, MD US","2016-05-15",,"3.6","0.0","0.0","24.4","9.4","0.0",,,,,
"USC00186350","NATIONAL ARBORETUM DC, MD US","2016-05-16",,"0.0","0.0","0.0","24.4","5.6","0.0",,,,,
"USC00186350","NATIONAL ARBORETUM DC, MD US","2016-05-17",,"0.0","0.0","0.0","20.6","8.3","0.0",,,,,
"USC00186350","NATIONAL ARBORETUM DC, MD US","2016-05-18",,"10.2","0.0","0.0","15.6","12.8","0.0",,,,,
"USC00186350","NATIONAL ARBORETUM DC, MD US","2016-05-19",,"0.8","0.0","0.0","20.6","12.8","0.0",,,,,
"USC00186350","NATIONAL ARBORETUM DC, MD US","2016-05-20",,"0.0","0.0","0.0","22.8","9.4","0.0",,,,,
"USC00186350","NATIONAL ARBORETUM DC, MD US","2016-05-21",,"5.6","0.0","0.0","25.6","10.6","0.0",,,,,
"USC00186350","NATIONAL ARBORETUM DC, MD US","2016-05-22",,"10.7","0.0","0.0","25.6","10.6","0.0",,,,,
"USC00186350","NATIONAL ARBORETUM DC, MD US","2016-05-23",,"9.7","0.0","0.0","18.3","13.9","0.0",,,,,
"USC00186350","NATIONAL ARBORETUM DC, MD US","2016-05-24",,"5.6","0.0","0.0","24.4","16.1","0.0",,,,,
"USC00186350","NATIONAL ARBORETUM DC, MD US","2016-05-25",,"0.0","0.0","0.0","28.3","13.9","0.0",,,,,
"USC00186350","NATIONAL ARBORETUM DC, MD US","2016-05-26",,"0.0","0.0","0.0","29.4","15.0","0.0",,,,,
"USC00186350","NATIONAL ARBORETUM DC, MD US","2016-05-27",,"0.0","0.0","0.0","30.0","16.1","0.0",,,,,
"USC00186350","NATIONAL ARBORETUM DC, MD US","2016-05-28",,"0.0","0.0","0.0","33.3","21.7","0.0",,,,,
"USC00186350","NATIONAL ARBORETUM DC, MD US","2016-05-29",,"0.0","0.0","0.0","33.3","17.8","0.0",,,,,
"USC00186350","NATIONAL ARBORETUM DC, MD US","2016-05-30",,"19.1","0.0","0.0","30.6","21.1","0.0",,,,,
"USC00186350","NATIONAL ARBORETUM DC, MD US","2016-05-31",,"0.8","0.0","0.0","28.3","21.1","0.0",,,,,
"USC00186350","NATIONAL ARBORETUM DC, MD US","2016-06-01",,"0.0","0.0","0.0","31.7","19.4","0.0",,,,,
"USC00186350","NATIONAL ARBORETUM DC, MD US","2016-06-02",,"0.0","0.0","0.0","32.2","19.4","0.0",,,,,
"USC00186350","NATIONAL ARBORETUM DC, MD US","2016-06-03",,"0.0","0.0","0.0","28.9","20.0","0.0",,,,,
"USC00186350","NATIONAL ARBORETUM DC, MD US","2016-06-04",,"7.4","0.0","0.0","27.2","22.8","0.0",,,,,
"USC00186350","NATIONAL ARBORETUM DC, MD US","2016-06-05",,"2.5","0.0","0.0","28.3","23.3","0.0",,,,,
"USC00186350","NATIONAL ARBORETUM DC, MD US","2016-06-06",,"0.0","0.0","0.0","29.4","21.1","0.0",,,,,
"USC00186350","NATIONAL ARBORETUM DC, MD US","2016-06-07",,"0.0","0.0","0.0","30.6","21.7","0.0",,,,,
"USC00186350","NATIONAL ARBORETUM DC, MD US","2016-06-08",,"0.0","0.0","0.0","31.1","17.2","0.0",,,,,
"USC00186350","NATIONAL ARBORETUM DC, MD US","2016-06-09",,"0.0","0.0","0.0","22.8","11.7","0.0",,,,,
"USC00186350","NATIONAL ARBORETUM DC, MD US","2016-06-10",,"0.0","0.0","0.0","28.3","15.6","0.0",,,,,
"USC00186350","NATIONAL ARBORETUM DC, MD US","2016-06-11",,"0.0","0.0","0.0","28.3","16.1","0.0",,,,,
"USC00186350","NATIONAL ARBORETUM DC, MD US","2016-06-12",,"0.0","0.0","0.0","35.6","22.2","0.0",,,,,
"USC00186350","NATIONAL ARBORETUM DC, MD US","2016-06-13",,"0.0","0.0","0.0","33.9","17.2","0.0",,,,,
"USC00186350","NATIONAL ARBORETUM DC, MD US","2016-06-14",,"0.0","0.0","0.0","27.2","17.8","0.0",,,,,
"USC00186350","NATIONAL ARBORETUM DC, MD US","2016-06-15",,"0.0","0.0","0.0","28.3","17.2","0.0",,,,,
"USC00186350","NATIONAL ARBORETUM DC, MD US","2016-06-16",,"0.8","0.0","0.0","28.9","19.4","0.0",,,,,
"USC00186350","NATIONAL ARBORETUM DC, MD US","2016-06-17",,"14.5","0.0","0.0","31.1","19.4","0.0",,,,,
"USC00186350","NATIONAL ARBORETUM DC, MD US","2016-06-18",,"0.0","0.0","0.0","28.3","17.2","0.0",,,,,
"USC00186350","NATIONAL ARBORETUM DC, MD US","2016-06-19",,"0.0","0.0","0.0","30.0","18.9","0.0",,,,,
"USC00186350","NATIONAL ARBORETUM DC, MD US","2016-06-20",,"0.0","0.0","0.0","32.2","18.3","0.0",,,,,
"USC00186350","NATIONAL ARBORETUM DC, MD US","2016-06-21",,"0.0","0.0","0.0","33.9","23.9","0.0",,,,,
"USC00186350","NATIONAL ARBORETUM DC, MD US","2016-06-22",,"26.4","0.0","0.0","32.8","21.1","0.0",,,,,
"USC00186350","NATIONAL ARBORETUM DC, MD US","2016-06-23",,"10.9","0.0","0.0","28.9","21.1","0.0",,,,,
"USC00186350","NATIONAL ARBORETUM DC, MD US","2016-06-24",,"3.0","0.0","0.0","27.2","22.2","0.0",,,,,
"USC00186350","NATIONAL ARBORETUM DC, MD US","2016-06-25",,"0.0","0.0","0.0","30.0","21.7","0.0",,,,,
"USC00186350","NATIONAL ARBORETUM DC, MD US","2016-06-26",,"0.0","0.0","0.0","30.0","16.7","0.0",,,,,
"USC00186350","NATIONAL ARBORETUM DC, MD US","2016-06-27",,"0.0","0.0","0.0","30.6","18.9","0.0",,,,,
"USC00186350","NATIONAL ARBORETUM DC, MD US","2016-06-28",,"4.1","0.0","0.0","30.6","21.1","0.0",,,,,
"USC00186350","NATIONAL ARBORETUM DC, MD US","2016-06-29",,"10.7","0.0","0.0","30.6","21.7","0.0",,,,,
"USC00186350","NATIONAL ARBORETUM DC, MD US","2016-06-30",,"0.0","0.0","0.0","28.3","16.7","0.0",,,,,
"USC00186350","NATIONAL ARBORETUM DC, MD US","2016-07-01",,"0.0","0.0","0.0","30.0","20.6","0.0",,,,,
"USC00186350","NATIONAL ARBORETUM DC, MD US","2016-07-02",,"6.9","0.0","0.0","32.2","20.6","0.0",,"    1",,,
"USC00186350","NATIONAL ARBORETUM DC, MD US","2016-07-03",,"0.5","0.0","0.0","27.2","17.8","0.0",,,,,
"USC00186350","NATIONAL ARBORETUM DC, MD US","2016-07-04",,"0.5","0.0","0.0","23.9","18.3","0.0",,,,,
"USC00186350","NATIONAL ARBORETUM DC, MD US","2016-07-05",,"17.3","0.0","0.0","22.2","18.9","0.0",,,,,
"USC00186350","NATIONAL ARBORETUM DC, MD US","2016-07-06",,"0.0","0.0","0.0","33.9","22.2","0.0",,,,,
"USC00186350","NATIONAL ARBORETUM DC, MD US","2016-07-07",,"0.0","0.0","0.0","33.9","25.0","0.0",,,,,
"USC00186350","NATIONAL ARBORETUM DC, MD US","2016-07-08",,"0.0","0.0","0.0","33.9","24.4","0.0",,,,,
"USC00186350","NATIONAL ARBORETUM DC, MD US","2016-07-09",,"1.3","0.0","0.0","33.9","25.0","0.0",,,,,
"USC00186350","NATIONAL ARBORETUM DC, MD US","2016-07-10",,"0.0","0.0","0.0","34.4","22.8","0.0",,,,,
"USC00186350","NATIONAL ARBORETUM DC, MD US","2016-07-11",,"0.0","0.0","0.0","31.1","19.4","0.0",,,,,
"USC00186350","NATIONAL ARBORETUM DC, MD US","2016-07-12",,"0.0","0.0","0.0","31.7","20.0","0.0",,,,,
"USC00186350","NATIONAL ARBORETUM DC, MD US","2016-07-13",,"0.0","0.0","0.0","30.6","22.8","0.0",,,,,
"USC00186350","NATIONAL ARBORETUM DC, MD US","2016-07-14",,"0.0","0.0","0.0","32.8","22.8","0.0",,,,,
"USC00186350","NATIONAL ARBORETUM DC, MD US","2016-07-15",,"0.0","0.0","0.0","36.1","22.8","0.0",,,,,
"USC00186350","NATIONAL ARBORETUM DC, MD US","2016-07-16",,"0.0","0.0","0.0","33.9","22.8","0.0",,,,,
"USC00186350","NATIONAL ARBORETUM DC, MD US","2016-07-17",,"4.1","0.0","0.0","35.0","21.7","0.0",,,,,
"USC00186350","NATIONAL ARBORETUM DC, MD US","2016-07-18",,"0.0","0.0","0.0","33.9","21.1","0.0",,,,,
"USC00186350","NATIONAL ARBORETUM DC, MD US","2016-07-19",,"8.6","0.0","0.0","35.0","22.2","0.0",,,,,
"USC00186350","NATIONAL ARBORETUM DC, MD US","2016-07-20",,"46.0","0.0","0.0","32.8","21.1","0.0",,,,,
"USC00186350","NATIONAL ARBORETUM DC, MD US","2016-07-21",,"0.0","0.0","0.0","32.2","19.4","0.0",,,,,
"USC00186350","NATIONAL ARBORETUM DC, MD US","2016-07-22",,"0.0","0.0","0.0","32.8","22.8","0.0",,,,,
"USC00186350","NATIONAL ARBORETUM DC, MD US","2016-07-23",,"0.0","0.0","0.0","34.4","25.0","0.0",,,,,
"USC00186350","NATIONAL ARBORETUM DC, MD US","2016-07-24",,"0.0","0.0","0.0","36.1","24.4","0.0",,,,,
"USC00186350","NATIONAL ARBORETUM DC, MD US","2016-07-25",,"0.0","0.0","0.0","35.0","25.0","0.0",,,,,
"USC00186350","NATIONAL ARBORETUM DC, MD US","2016-07-26",,"0.0","0.0","0.0","37.2","25.0","0.0",,,,,
"USC00186350","NATIONAL ARBORETUM DC, MD US","2016-07-27",,"0.0","0.0","0.0","34.4","26.7","0.0",,,,,
"USC00186350","NATIONAL ARBORETUM DC, MD US","2016-07-28",,"0.0","0.0","0.0","34.4","26.1","0.0",,,,,
"USC00186350","NATIONAL ARBORETUM DC, MD US","2016-07-29",,"46.2","0.0","0.0","34.4","24.4","0.0",,,,,
"USC00186350","NATIONAL ARBORETUM DC, MD US","2016-07-30",,"0.0","0.0","0.0","32.8","24.4","0.0",,,,,
"USC00186350","NATIONAL ARBORETUM DC, MD US","2016-07-31",,"15.5","0.0","0.0","31.7","23.9","0.0",,,,,
"USC00186350","NATIONAL ARBORETUM DC, MD US","2016-08-01",,"12.2","0.0","0.0","33.9","23.3",,,,,,
"USC00186350","NATIONAL ARBORETUM DC, MD US","2016-08-02",,"0.0","0.0","0.0","33.3","23.3",,,,,,
"USC00186350","NATIONAL ARBORETUM DC, MD US","2016-08-03",,"0.0","0.0","0.0","32.2","21.1",,,,,,
"USC00186350","NATIONAL ARBORETUM DC, MD US","2016-08-04",,"0.0","0.0","0.0","29.4","20.0",,,,,,
"USC00186350","NATIONAL ARBORETUM DC, MD US","2016-08-05",,"0.0","0.0","0.0","30.0","22.2",,,,,,
"USC00186350","NATIONAL ARBORETUM DC, MD US","2016-08-06",,"0.0","0.0","0.0","28.3","23.9",,,,,,
"USC00186350","NATIONAL ARBORETUM DC, MD US","2016-08-07",,"0.0","0.0","0.0","33.3","21.1",,,,,,
"USC00186350","NATIONAL ARBORETUM DC, MD US","2016-08-08",,"0.0","0.0","0.0","33.3","20.0",,,,,,
"USC00186350","NATIONAL ARBORETUM DC, MD US","2016-08-09",,"0.0","0.0","0.0","32.8","18.9",,,,,,
"USC00186350","NATIONAL ARBORETUM DC, MD US","2016-08-10",,"0.0","0.0","0.0","28.3","22.8",,,,,,
"USC00186350","NATIONAL ARBORETUM DC, MD US","2016-08-11",,"0.0","0.0","0.0","34.4","26.1",,,,,,
"USC00186350","NATIONAL ARBORETUM DC, MD US","2016-08-12",,"0.0","0.0","0.0","35.0","26.7",,,,,,
"USC00186350","NATIONAL ARBORETUM DC, MD US","2016-08-13",,"0.0","0.0","0.0","35.6","27.2",,,,,,
"USC00186350","NATIONAL ARBORETUM DC, MD US","2016-08-14",,"0.0","0.0","0.0","36.7","27.2",,,,,,
"USC00186350","NATIONAL ARBORETUM DC, MD US","2016-08-15",,"0.0","0.0","0.0","37.2","23.3",,,,,,
"USC00186350","NATIONAL ARBORETUM DC, MD US","2016-08-16",,"17.8","0.0","0.0","35.6","23.3",,,,,,
"USC00186350","NATIONAL ARBORETUM DC, MD US","2016-08-17",,"0.5","0.0","0.0","34.4","26.1",,,,,,
"USC00186350","NATIONAL ARBORETUM DC, MD US","2016-08-18",,"22.1","0.0","0.0","34.4","23.3",,,,,,
"USC00186350","NATIONAL ARBORETUM DC, MD US","2016-08-19",,"0.0","0.0","0.0","33.3","22.2",,,,,,
"USC00186350","NATIONAL ARBORETUM DC, MD US","2016-08-20",,"0.0","0.0","0.0","33.3","22.2",,,,,,
"USC00186350","NATIONAL ARBORETUM DC, MD US","2016-08-21",,"0.0","0.0","0.0","33.9","22.2",,,,,,
"USC00186350","NATIONAL ARBORETUM DC, MD US","2016-08-22",,"15.5","0.0","0.0","33.3","19.4",,,,,,
"USC00186350","NATIONAL ARBORETUM DC, MD US","2016-08-23",,"0.0","0.0","0.0","29.4","17.8",,,,,,
"USC00186350","NATIONAL ARBORETUM DC, MD US","2016-08-24",,"0.0","0.0","0.0","30.0","17.8",,,,,,
"USC00186350","NATIONAL ARBORETUM DC, MD US","2016-08-25",,"0.0","0.0","0.0","31.1","18.3",,,,,,
"USC00186350","NATIONAL ARBORETUM DC, MD US","2016-08-26",,"0.0","0.0","0.0","31.1","21.7",,,,,,
"USC00186350","NATIONAL ARBORETUM DC, MD US","2016-08-27",,"0.0","0.0","0.0","35.0","24.4",,,,,,
"USC00186350","NATIONAL ARBORETUM DC, MD US","2016-08-28",,"0.0","0.0","0.0","33.9","22.2",,,,,,
"USC00186350","NATIONAL ARBORETUM DC, MD US","2016-08-29",,"0.0","0.0","0.0","33.3","21.7",,,,,,
"USC00186350","NATIONAL ARBORETUM DC, MD US","2016-08-30",,"0.0","0.0","0.0","33.9","22.2",,,,,,
"USC00186350","NATIONAL ARBORETUM DC, MD US","2016-08-31",,"0.0","0.0","0.0","33.3","20.0",,,,,,
"USC00186350","NATIONAL ARBORETUM DC, MD US","2016-09-01",,"1.8","0.0","0.0","33.9","20.6",,,,,,
"USC00186350","NATIONAL ARBORETUM DC, MD US","2016-09-02",,"0.0","0.0","0.0","28.3","18.3",,,,,,
"USC00186350","NATIONAL ARBORETUM DC, MD US","2016-09-03",,"0.0","0.0","0.0","27.2","18.9",,,,,,
"USC00186350","NATIONAL ARBORETUM DC, MD US","2016-09-04",,"1.8","0.0","0.0","27.2","19.4",,,,,,
"USC00186350","NATIONAL ARBORETUM DC, MD US","2016-09-05",,"0.0","0.0","0.0","28.3","15.6",,,,,,
"USC00186350","NATIONAL ARBORETUM DC, MD US","2016-09-06",,"0.0","0.0","0.0","31.1","21.7",,,,,,
"USC00186350","NATIONAL ARBORETUM DC, MD US","2016-09-07",,"0.0","0.0","0.0","33.9","20.0",,,,,,
"USC00186350","NATIONAL ARBORETUM DC, MD US","2016-09-08",,"0.8","0.0","0.0","33.9","21.7",,,,,,
"USC00186350","NATIONAL ARBORETUM DC, MD US","2016-09-09",,"0.0","0.0","0.0","35.6","22.8",,,,,,
"USC00186350","NATIONAL ARBORETUM DC, MD US","2016-09-10",,,"0.0","0.0",,,,,,,,
"USC00186350","NATIONAL ARBORETUM DC, MD US","2016-09-11",,"0.0","0.0","0.0","35.0","25.6",,,,,,
"USC00186350","NATIONAL ARBORETUM DC, MD US","2016-09-12",,"0.0","0.0","0.0","30.0","17.2",,,,,,
"USC00186350","NATIONAL ARBORETUM DC, MD US","2016-09-13",,"0.0","0.0","0.0","29.4","17.2",,,,,,
"USC00186350","NATIONAL ARBORETUM DC, MD US","2016-09-14",,"0.0","0.0","0.0","31.7","17.2",,,,,,
"USC00186350","NATIONAL ARBORETUM DC, MD US","2016-09-15",,"0.0","0.0","0.0","34.4","21.1",,,,,,
"USC00186350","NATIONAL ARBORETUM DC, MD US","2016-09-16",,"0.0","0.0","0.0","25.6","17.8",,,,,,
"USC00186350","NATIONAL ARBORETUM DC, MD US","2016-09-17",,"0.0","0.0","0.0","26.7","17.8",,,,,,
"USC00186350","NATIONAL ARBORETUM DC, MD US","2016-09-18",,"0.0","0.0","0.0","28.9","20.6",,,,,,
"USC00186350","NATIONAL ARBORETUM DC, MD US","2016-09-19",,"0.5","0.0","0.0","30.0","22.8",,,,,,
"USC00186350","NATIONAL ARBORETUM DC, MD US","2016-09-20",,"9.9","0.0","0.0","28.3","22.8",,,,,,
"USC00186350","NATIONAL ARBORETUM DC, MD US","2016-09-21",,"0.0","0.0","0.0","26.7","21.7",,,,,,
"USC00186350","NATIONAL ARBORETUM DC, MD US","2016-09-22",,"0.0","0.0","0.0","28.3","18.3",,,,,,
"USC00186350","NATIONAL ARBORETUM DC, MD US","2016-09-23",,"0.0","0.0","0.0","28.3","17.2",,,,,,
"USC00186350","NATIONAL ARBORETUM DC, MD US","2016-09-24",,"0.0","0.0","0.0","33.3","16.7",,,,,,
"USC00186350","NATIONAL ARBORETUM DC, MD US","2016-09-25",,"0.0","0.0","0.0","25.6","12.2",,,,,,
"USC00186350","NATIONAL ARBORETUM DC, MD US","2016-09-26",,"0.0","0.0","0.0","24.4","14.4",,,,,,
"USC00186350","NATIONAL ARBORETUM DC, MD US","2016-09-27",,"7.9","0.0","0.0","23.3","16.7",,,,,,
"USC00186350","NATIONAL ARBORETUM DC, MD US","2016-09-28",,"0.0","0.0","0.0","25.6","16.7",,,,,,
"USC00186350","NATIONAL ARBORETUM DC, MD US","2016-09-29",,"33.0","0.0","0.0","26.1","16.7",,,,,,
"USC00186350","NATIONAL ARBORETUM DC, MD US","2016-09-30",,"15.0","0.0","0.0","22.8","21.1",,,,,,
"USC00186350","NATIONAL ARBORETUM DC, MD US","2016-10-01",,"1.5","0.0","0.0","24.4","21.1",,,,,,
"USC00186350","NATIONAL ARBORETUM DC, MD US","2016-10-02",,"2.3","0.0","0.0","26.7","22.2",,,,,,
"USC00186350","NATIONAL ARBORETUM DC, MD US","2016-10-03",,"0.0","0.0","0.0","26.1","18.9",,,,,,
"USC00186350","NATIONAL ARBORETUM DC, MD US","2016-10-04",,"0.0","0.0","0.0","25.0","13.3",,,,,,
"USC00186350","NATIONAL ARBORETUM DC, MD US","2016-10-05",,"0.0","0.0","0.0","24.4","13.3",,,,,,
"USC00186350","NATIONAL ARBORETUM DC, MD US","2016-10-06",,"0.0","0.0","0.0","22.2","13.3",,,,,,
"USC00186350","NATIONAL ARBORETUM DC, MD US","2016-10-07",,"0.0","0.0","0.0","21.1","15.6",,,,,,
"USC00186350","NATIONAL ARBORETUM DC, MD US","2016-10-08",,"0.0","0.0","0.0","23.3","16.1",,,,,,
"USC00186350","NATIONAL ARBORETUM DC, MD US","2016-10-09",,"9.4","0.0","0.0","23.3","13.3",,,,,,
"USC00186350","NATIONAL ARBORETUM DC, MD US","2016-10-10",,"0.0","0.0","0.0","20.6","8.9",,,,,,
"USC00186350","NATIONAL ARBORETUM DC, MD US","2016-10-11",,"0.0","0.0","0.0","18.9","5.0",,,,,,
"USC00186350","NATIONAL ARBORETUM DC, MD US","2016-10-12",,"0.0","0.0","0.0","20.0","5.0",,,,,,
"USC00186350","NATIONAL ARBORETUM DC, MD US","2016-10-13",,"0.0","0.0","0.0","22.2","7.2",,,,,,
"USC00186350","NATIONAL ARBORETUM DC, MD US","2016-10-14",,"0.0","0.0","0.0","22.8","6.7",,,,,,
"USC00186350","NATIONAL ARBORETUM DC, MD US","2016-10-15",,"0.0","0.0","0.0","18.3","6.1",,,,,,
"USC00186350","NATIONAL ARBORETUM DC, MD US","2016-10-16",,"0.0","0.0","0.0","21.1","8.3","0.0",,,,,
"USC00186350","NATIONAL ARBORETUM DC, MD US","2016-10-17",,"0.0","0.0","0.0","23.3","12.2",,,,,,
"USC00186350","NATIONAL ARBORETUM DC, MD US","2016-10-18",,"0.0","0.0","0.0","28.3","15.0",,,,,,
"USC00186350","NATIONAL ARBORETUM DC, MD US","2016-10-19",,"0.0","0.0","0.0","28.9","16.7",,,,,,
"USC00186350","NATIONAL ARBORETUM DC, MD US","2016-10-20",,"0.0","0.0","0.0","30.6","19.4",,,,,,
"USC00186350","NATIONAL ARBORETUM DC, MD US","2016-10-21",,"0.0","0.0","0.0","28.9","18.9",,,,,,
"USC00186350","NATIONAL ARBORETUM DC, MD US","2016-10-22",,"8.1","0.0","0.0","26.7","11.7",,,,,,
"USC00186350","NATIONAL ARBORETUM DC, MD US","2016-10-23",,"0.0","0.0","0.0","15.6","8.3",,,,,,
"USC00186350","NATIONAL ARBORETUM DC, MD US","2016-10-24",,"0.0","0.0","0.0","20.0","8.9",,,,,,
"USC00186350","NATIONAL ARBORETUM DC, MD US","2016-10-25",,"0.0","0.0","0.0","21.7","5.6",,,,,,
"USC00186350","NATIONAL ARBORETUM DC, MD US","2016-10-26",,"0.0","0.0","0.0","17.2","2.2",,,,,,
"USC00186350","NATIONAL ARBORETUM DC, MD US","2016-10-27",,"0.0","0.0","0.0","14.4","2.2",,,,,,
"USC00186350","NATIONAL ARBORETUM DC, MD US","2016-10-28",,"1.5","0.0","0.0","17.8","8.3",,,,,,
"USC00186350","NATIONAL ARBORETUM DC, MD US","2016-10-29",,"0.0","0.0","0.0","17.2","4.4",,,,,,
"USC00186350","NATIONAL ARBORETUM DC, MD US","2016-10-30",,"0.0","0.0","0.0","23.3","7.2",,,,,,
"USC00186350","NATIONAL ARBORETUM DC, MD US","2016-10-31",,"0.8","0.0","0.0","26.7","9.4",,,,,,
"USC00186350","NATIONAL ARBORETUM DC, MD US","2016-11-01",,"0.0","0.0","0.0","16.7","5.6",,,,,,
"USC00186350","NATIONAL ARBORETUM DC, MD US","2016-11-02",,"0.0","0.0","0.0","15.6","7.2",,,,,,
"USC00186350","NATIONAL ARBORETUM DC, MD US","2016-11-03",,"0.0","0.0","0.0","23.3","12.2",,,,,,
"USC00186350","NATIONAL ARBORETUM DC, MD US","2016-11-04",,"0.0","0.0","0.0","26.7","12.2",,,,,,
"USC00186350","NATIONAL ARBORETUM DC, MD US","2016-11-05",,"0.0","0.0","0.0","17.8","2.8",,,,,,
"USC00186350","NATIONAL ARBORETUM DC, MD US","2016-11-06",,"0.0","0.0","0.0","20.0","7.8",,,,,,
"USC00186350","NATIONAL ARBORETUM DC, MD US","2016-11-07",,"0.0","0.0","0.0","20.6","4.4",,,,,,
"USC00186350","NATIONAL ARBORETUM DC, MD US","2016-11-08",,"0.0","0.0","0.0","16.1","1.7",,,,,,
"USC00186350","NATIONAL ARBORETUM DC, MD US","2016-11-09",,"0.8","0.0","0.0","20.6","2.2",,,,,,
"USC00186350","NATIONAL ARBORETUM DC, MD US","2016-11-10",,"3.6","0.0","0.0","20.6","2.2",,,,,,
"USC00186350","NATIONAL ARBORETUM DC, MD US","2016-11-11",,"0.0","0.0","0.0","16.1","3.3",,,,,,
"USC00186350","NATIONAL ARBORETUM DC, MD US","2016-11-12",,"0.0","0.0","0.0","18.3","1.7",,,,,,
"USC00186350","NATIONAL ARBORETUM DC, MD US","2016-11-13",,"0.0","0.0","0.0","11.7","-0.6",,,,,,
"USC00186350","NATIONAL ARBORETUM DC, MD US","2016-11-14",,"0.0","0.0","0.0","17.8","0.0",,,,,,
"USC00186350","NATIONAL ARBORETUM DC, MD US","2016-11-15",,"0.0","0.0","0.0","14.4","0.0",,,,,,
"USC00186350","NATIONAL ARBORETUM DC, MD US","2016-11-16",,"0.0","0.0","0.0","17.8","2.8",,,,,,
"USC00186350","NATIONAL ARBORETUM DC, MD US","2016-11-17",,"0.5","0.0","0.0","17.8","2.8",,,,,,
"USC00186350","NATIONAL ARBORETUM DC, MD US","2016-11-18",,"0.0","0.0","0.0","16.7","2.8",,,,,,
"USC00186350","NATIONAL ARBORETUM DC, MD US","2016-11-19",,"0.0","0.0","0.0","22.2","2.8",,,,,,
"USC00186350","NATIONAL ARBORETUM DC, MD US","2016-11-20",,"0.0","0.0","0.0","21.7","3.3",,,,,,
"USC00186350","NATIONAL ARBORETUM DC, MD US","2016-11-21",,"0.0","0.0","0.0","7.8","1.7",,,,,,
"USC00186350","NATIONAL ARBORETUM DC, MD US","2016-11-22",,"0.0","0.0","0.0","7.2","0.0",,,,,,
"USC00186350","NATIONAL ARBORETUM DC, MD US","2016-11-23",,"0.0","0.0","0.0","9.4","-2.8",,,,,,
"USC00186350","NATIONAL ARBORETUM DC, MD US","2016-11-24",,"0.0","0.0","0.0","11.1","-2.8",,,,,,
"USC00186350","NATIONAL ARBORETUM DC, MD US","2016-11-25",,"0.0","0.0","0.0","16.1","6.1",,,,,,
"USC00186350","NATIONAL ARBORETUM DC, MD US","2016-11-26",,"0.0","0.0","0.0","15.0","5.0",,,,,,
"USC00186350","NATIONAL ARBORETUM DC, MD US","2016-11-27",,"0.0","0.0","0.0","10.6","1.1",,,,,,
"USC00186350","NATIONAL ARBORETUM DC, MD US","2016-11-28",,"0.0","0.0","0.0","11.1","-1.1",,,,,,
"USC00186350","NATIONAL ARBORETUM DC, MD US","2016-11-29",,"0.8","0.0","0.0","12.2","-1.1",,,,,,
"USC00186350","NATIONAL ARBORETUM DC, MD US","2016-11-30",,"4.1","0.0","0.0","18.3","9.4",,,,,,
"USC00186350","NATIONAL ARBORETUM DC, MD US","2016-12-01",,"16.0","0.0","0.0","23.3","10.6",,,,,,
"USC00186350","NATIONAL ARBORETUM DC, MD US","2016-12-02",,"0.0",,,"13.9","6.1",,,,,,
"USC00186350","NATIONAL ARBORETUM DC, MD US","2016-12-03",,"0.0","0.0",,"11.1","5.6",,,,,,
"USC00186350","NATIONAL ARBORETUM DC, MD US","2016-12-04",,"0.0",,,"10.0","2.8",,,,,,
"USC00186350","NATIONAL ARBORETUM DC, MD US","2016-12-05",,"8.6",,,"8.3","4.4",,,,,,
"USC00186350","NATIONAL ARBORETUM DC, MD US","2016-12-06",,"0.0",,,"12.8","5.0",,,,,,
"USC00186350","NATIONAL ARBORETUM DC, MD US","2016-12-07",,"26.9","0.0","0.0","10.6","5.0",,,,,,
"USC00186350","NATIONAL ARBORETUM DC, MD US","2016-12-08",,"0.0",,,"10.0","0.0",,,,,,
"USC00186350","NATIONAL ARBORETUM DC, MD US","2016-12-09",,"0.0",,,"8.3","-1.1",,,,,,
"USC00186350","NATIONAL ARBORETUM DC, MD US","2016-12-10",,"0.0",,,"3.9","-2.2",,,,,,
"USC00186350","NATIONAL ARBORETUM DC, MD US","2016-12-11",,"0.0",,,"2.2","-3.9",,,,,,
"USC00186350","NATIONAL ARBORETUM DC, MD US","2016-12-12",,"4.3",,,"7.8","-0.6",,,,,,
"USC00186350","NATIONAL ARBORETUM DC, MD US","2016-12-13",,"0.0",,,"12.2","2.2",,,,,,
"USC00186350","NATIONAL ARBORETUM DC, MD US","2016-12-14",,"0.0",,,"8.3","2.2",,,,,,
"USC00186350","NATIONAL ARBORETUM DC, MD US","2016-12-15",,"0.0",,,"8.3","-2.2",,,,,,
"USC00186350","NATIONAL ARBORETUM DC, MD US","2016-12-16",,"0.0",,,"-2.2","-8.9",,,,,,
"USC00186350","NATIONAL ARBORETUM DC, MD US","2016-12-17",,"20.3",,,"-1.1","-8.3",,,,"    1","    1",
"USC00186350","NATIONAL ARBORETUM DC, MD US","2016-12-18",,"1.8",,,"15.6","-8.3",,,,,,
"USC00186350","NATIONAL ARBORETUM DC, MD US","2016-12-19",,"0.0",,,"18.3","-0.6",,,,,,
"USC00186350","NATIONAL ARBORETUM DC, MD US","2016-12-20",,"0.0",,,"2.2","-5.6",,,,,,
"USC00186350","NATIONAL ARBORETUM DC, MD US","2016-12-21",,"0.0",,,"2.8","-5.0",,,,,,
"USC00186350","NATIONAL ARBORETUM DC, MD US","2016-12-22",,"0.0",,,"9.4","-3.3",,,,,,
"USC00186350","NATIONAL ARBORETUM DC, MD US","2016-12-23",,"0.0",,,"13.9","-2.2",,,,,,
"USC00186350","NATIONAL ARBORETUM DC, MD US","2016-12-24",,"14.0",,,"8.3","-1.7",,,,,,
"USC00186350","NATIONAL ARBORETUM DC, MD US","2016-12-25",,"2.0",,,"10.6","1.1",,,,,,
"USC00186350","NATIONAL ARBORETUM DC, MD US","2016-12-26",,"0.0",,,"10.0","0.0",,,,,,
"USC00186350","NATIONAL ARBORETUM DC, MD US","2016-12-27",,"0.0",,,"13.9","3.9",,,,,,
"USC00186350","NATIONAL ARBORETUM DC, MD US","2016-12-28",,"0.0",,,"18.3","2.8",,,,,,
"USC00186350","NATIONAL ARBORETUM DC, MD US","2016-12-29",,"6.1",,,"9.4","0.0",,,,,,
"USC00186350","NATIONAL ARBORETUM DC, MD US","2016-12-30",,"0.0",,,"10.0","1.1",,,,,,
"USC00186350","NATIONAL ARBORETUM DC, MD US","2016-12-31",,"0.0",,,"5.6","-2.8",,,,,,
"USC00186350","NATIONAL ARBORETUM DC, MD US","2017-01-01",,"0.0","0.0","0.0","8.3","-0.6",,,,,,
"USC00186350","NATIONAL ARBORETUM DC, MD US","2017-01-02",,"0.8","0.0","0.0","12.8","3.3","0.0",,,,,
"USC00186350","NATIONAL ARBORETUM DC, MD US","2017-01-03",,"7.6","0.0","0.0","7.8","5.6",,,,,,
"USC00186350","NATIONAL ARBORETUM DC, MD US","2017-01-04",,"17.5","0.0","0.0","10.0","6.7",,,,,,
"USC00186350","NATIONAL ARBORETUM DC, MD US","2017-01-05",,"0.0","0.0","0.0","12.8","-1.7",,,,,,
"USC00186350","NATIONAL ARBORETUM DC, MD US","2017-01-06",,"0.0","0.0","0.0","2.2","-1.1",,,,,,
"USC00186350","NATIONAL ARBORETUM DC, MD US","2017-01-07",,"0.0","0.0","0.0","1.1","-5.0",,,,,,
"USC00186350","NATIONAL ARBORETUM DC, MD US","2017-01-08",,"6.4",,,"-3.9","-9.4",,,,,,
"USC00186350","NATIONAL ARBORETUM DC, MD US","2017-01-09",,"0.0","0.0","0.0","-4.4","-9.4",,,,,,
"USC00186350","NATIONAL ARBORETUM DC, MD US","2017-01-10",,"0.0","0.0","0.0","-3.3","-8.3",,,,,,
"USC00186350","NATIONAL ARBORETUM DC, MD US","2017-01-11",,"0.5","0.0","0.0","5.6","-6.1",,,,,,
"USC00186350","NATIONAL ARBORETUM DC, MD US","2017-01-12",,"1.0","0.0","0.0","13.9","1.7",,,,,,
"USC00186350","NATIONAL ARBORETUM DC, MD US","2017-01-13",,"0.0","0.0","0.0","21.7","11.1",,,,,,
"USC00186350","NATIONAL ARBORETUM DC, MD US","2017-01-14",,"0.3","0.0","0.0","12.2","1.7","0.0",,,,,
"USC00186350","NATIONAL ARBORETUM DC, MD US","2017-01-15",,"7.4","0.0","0.0","12.2","0.6",,,,,,
"USC00186350","NATIONAL ARBORETUM DC, MD US","2017-01-16",,"0.0","0.0","0.0","8.3","2.2","0.0",,,,,
"USC00186350","NATIONAL ARBORETUM DC, MD US","2017-01-17",,"1.5","0.0","0.0","7.8","2.8",,,,,,
"USC00186350","NATIONAL ARBORETUM DC, MD US","2017-01-18",,"5.6","0.0","0.0","12.2","5.0",,"    1",,,,
"USC00186350","NATIONAL ARBORETUM DC, MD US","2017-01-19",,"0.0","0.0","0.0","14.4","5.6",,,,,,
"USC00186350","NATIONAL ARBORETUM DC, MD US","2017-01-20",,"0.0","0.0","0.0","11.1","1.7",,,,,,
"USC00186350","NATIONAL ARBORETUM DC, MD US","2017-01-21",,"0.0","0.0","0.0","9.4","4.4","0.0",,,,,
"USC00186350","NATIONAL ARBORETUM DC, MD US","2017-01-22",,"0.5","0.0","0.0","10.0","8.3",,,,,,
"USC00186350","NATIONAL ARBORETUM DC, MD US","2017-01-23",,"4.8","0.0","0.0","11.7","8.9",,,,,,
"USC00186350","NATIONAL ARBORETUM DC, MD US","2017-01-24",,"21.6","0.0","0.0","9.4","4.4",,,,,,
"USC00186350","NATIONAL ARBORETUM DC, MD US","2017-01-25",,"0.0","0.0","0.0","9.4","3.9",,,,,,
"USC00186350","NATIONAL ARBORETUM DC, MD US","2017-01-26",,"0.0","0.0","0.0","16.1","5.0",,,,,,
"USC00186350","NATIONAL ARBORETUM DC, MD US","2017-01-27",,"0.0","0.0","0.0","15.0","3.9",,,,,,
"USC00186350","NATIONAL ARBORETUM DC, MD US","2017-01-28",,"0.0","0.0","0.0","6.7","1.1",,,,,,
"USC00186350","NATIONAL ARBORETUM DC, MD US","2017-01-29",,"0.0","0.0","0.0","8.9","-0.6","0.0",,,,,
"USC00186350","NATIONAL ARBORETUM DC, MD US","2017-01-30",,"1.0","13.0","25.0","7.8","-0.6",,,,,,
"USC00186350","NATIONAL ARBORETUM DC, MD US","2017-01-31",,"0.0","0.0","0.0","7.8","-3.9",,,,"    1",,
"USC00186350","NATIONAL ARBORETUM DC, MD US","2017-02-01",,"0.0","0.0","0.0","13.3","-0.6",,,,,,
"USC00186350","NATIONAL ARBORETUM DC, MD US","2017-02-02",,"0.0","0.0","0.0","10.0","1.1",,,,,,
"USC00186350","NATIONAL ARBORETUM DC, MD US","2017-02-03",,"0.0","0.0","0.0","9.4","0.0",,,,,,
"USC00186350","NATIONAL ARBORETUM DC, MD US","2017-02-04",,"0.0","0.0","0.0","3.3","-5.6",,,,,,
"USC00186350","NATIONAL ARBORETUM DC, MD US","2017-02-05",,"0.0","0.0","0.0","5.0","-2.8","0.0",,,,,
"USC00186350","NATIONAL ARBORETUM DC, MD US","2017-02-06",,"0.0","0.0","0.0","11.7","-0.6",,,,,,
"USC00186350","NATIONAL ARBORETUM DC, MD US","2017-02-07",,"0.0","0.0","0.0","16.7","-0.6",,,,,,
"USC00186350","NATIONAL ARBORETUM DC, MD US","2017-02-08",,"0.0","0.0","0.0","22.8","11.1",,,,,,
"USC00186350","NATIONAL ARBORETUM DC, MD US","2017-02-09",,"3.6","0.0","0.0","22.8","2.2",,,,,,
"USC00186350","NATIONAL ARBORETUM DC, MD US","2017-02-10",,"0.0","0.0","0.0","3.3","-5.0",,,,,,
"USC00186350","NATIONAL ARBORETUM DC, MD US","2017-02-11",,"0.0","0.0","0.0","5.6","-4.4",,,,,,
"USC00186350","NATIONAL ARBORETUM DC, MD US","2017-02-13",,"0.8","0.0","0.0","12.2","2.2",,,,,,"    1"
"USC00186350","NATIONAL ARBORETUM DC, MD US","2017-02-14",,"0.0","0.0","0.0","7.8","-3.3",,,,,,
"USC00186350","NATIONAL ARBORETUM DC, MD US","2017-02-15",,"0.0","0.0","0.0","8.9","0.6",,,,,,
"USC00186350","NATIONAL ARBORETUM DC, MD US","2017-02-16",,"0.0","0.0","0.0","12.2","0.6",,,,,,
"USC00186350","NATIONAL ARBORETUM DC, MD US","2017-02-17",,"0.0","0.0","0.0","5.6","-3.9",,,,,,
"USC00186350","NATIONAL ARBORETUM DC, MD US","2017-02-18",,"0.0","0.0","0.0","11.7","-3.3",,,,,,
"USC00186350","NATIONAL ARBORETUM DC, MD US","2017-02-19",,"0.0","0.0","0.0","21.1","5.0",,,,,,
"USC00186350","NATIONAL ARBORETUM DC, MD US","2017-02-20",,"0.0","0.0","0.0","21.7","7.8",,,,,,
"USC00186350","NATIONAL ARBORETUM DC, MD US","2017-02-21",,"0.0","0.0","0.0","20.6","4.4",,,,,,
"USC00186350","NATIONAL ARBORETUM DC, MD US","2017-02-22",,"0.0","0.0","0.0","15.0","3.9",,,,,,
"USC00186350","NATIONAL ARBORETUM DC, MD US","2017-02-23",,"0.0","0.0","0.0","17.8","7.8",,,,,,
"USC00186350","NATIONAL ARBORETUM DC, MD US","2017-02-24",,"0.0","0.0","0.0","24.4","10.6",,,,,,
"USC00186350","NATIONAL ARBORETUM DC, MD US","2017-02-25",,"0.0","0.0","0.0","24.4","11.1","0.0",,,,,
"USC00186350","NATIONAL ARBORETUM DC, MD US","2017-02-26",,"5.6","0.0","0.0","24.4","1.1",,,,,,
"USC00186350","NATIONAL ARBORETUM DC, MD US","2017-02-27",,"0.0","0.0","0.0","9.4","-1.7",,,,,,
"USC00186350","NATIONAL ARBORETUM DC, MD US","2017-02-28",,"0.0","0.0","0.0","12.8","-1.1",,,,,,
"USC00186350","NATIONAL ARBORETUM DC, MD US","2017-03-01",,"10.2",,,"20.6","5.6",,,,,,
"USC00186350","NATIONAL ARBORETUM DC, MD US","2017-03-02",,"1.8","0.0","0.0","25.6","8.3",,,,,,
"USC00186350","NATIONAL ARBORETUM DC, MD US","2017-03-03",,"0.0","0.0","0.0","10.6","0.6",,,,,,
"USC00186350","NATIONAL ARBORETUM DC, MD US","2017-03-04",,"0.0","0.0","0.0","6.1","-3.9","0.0",,,,,
"USC00186350","NATIONAL ARBORETUM DC, MD US","2017-03-05",,"0.0",,,"6.7","-6.1",,,,,,
"USC00186350","NATIONAL ARBORETUM DC, MD US","2017-03-06",,"0.0","0.0","0.0","5.6","-5.0",,,,,,
"USC00186350","NATIONAL ARBORETUM DC, MD US","2017-03-07",,"0.0","0.0","0.0","12.8","-0.6",,,,,,
"USC00186350","NATIONAL ARBORETUM DC, MD US","2017-03-08",,"3.0","0.0","0.0","21.1","9.4",,,,,,
"USC00186350","NATIONAL ARBORETUM DC, MD US","2017-03-09",,"0.0","0.0","0.0","20.0","7.2",,,,,,
"USC00186350","NATIONAL ARBORETUM DC, MD US","2017-03-10",,"0.0","0.0","0.0","22.8","7.8",,,,,,
"USC00186350","NATIONAL ARBORETUM DC, MD US","2017-03-11",,"2.0",,,"7.8","-3.3",,,,,,
"USC00186350","NATIONAL ARBORETUM DC, MD US","2017-03-12",,"0.0",,,"4.4","-3.3",,,,,,
"USC00186350","NATIONAL ARBORETUM DC, MD US","2017-03-13",,"0.0","0.0","0.0","6.1","-4.4",,,,,,
"USC00186350","NATIONAL ARBORETUM DC, MD US","2017-03-14",,"39.1","64.0","51.0","6.7","-3.9",,,,,,
"USC00186350","NATIONAL ARBORETUM DC, MD US","2017-03-15",,"0.0","0.0","25.0","3.3","-5.6",,,,,,
"USC00186350","NATIONAL ARBORETUM DC, MD US","2017-03-16",,"0.0","0.0","25.0","0.0","-5.6",,,,,,
"USC00186350","NATIONAL ARBORETUM DC, MD US","2017-03-17",,"0.0","0.0","0.0","6.1","-2.8",,,,,,
"USC00186350","NATIONAL ARBORETUM DC, MD US","2017-03-18",,"0.0",,,"10.6","-2.8",,,,,,
"USC00186350","NATIONAL ARBORETUM DC, MD US","2017-03-19",,"14.2",,,"15.0","2.8",,,,,,
"USC00186350","NATIONAL ARBORETUM DC, MD US","2017-03-20",,"0.0","0.0","0.0","12.2","1.7",,,,,,
"USC00186350","NATIONAL ARBORETUM DC, MD US","2017-03-21",,"0.5","0.0","0.0","11.7","1.7",,,,,,
"USC00186350","NATIONAL ARBORETUM DC, MD US","2017-03-22",,"0.0","0.0","0.0","17.8","5.6",,,,,,
"USC00186350","NATIONAL ARBORETUM DC, MD US","2017-03-23",,"0.0","0.0","0.0","10.0","-3.9",,,,,,
"USC00186350","NATIONAL ARBORETUM DC, MD US","2017-03-24",,"0.0","0.0","0.0","9.4","-1.1",,,,,,
"USC00186350","NATIONAL ARBORETUM DC, MD US","2017-03-25",,"1.5",,,"16.7","2.8",,,,,,
"USC00186350","NATIONAL ARBORETUM DC, MD US","2017-03-26",,"0.0","0.0","0.0","26.7","8.9","0.0",,,,,
"USC00186350","NATIONAL ARBORETUM DC, MD US","2017-03-27",,"0.8","0.0","0.0",,,,,,,,
"USC00186350","NATIONAL ARBORETUM DC, MD US","2017-03-28",,"0.5","0.0","0.0","25.0","8.3",,,,,,
"USC00186350","NATIONAL ARBORETUM DC, MD US","2017-03-29",,"3.0","0.0","0.0","22.8","12.8",,,,,,
"USC00186350","NATIONAL ARBORETUM DC, MD US","2017-03-30",,"0.0","0.0","0.0","19.4","7.2",,,,,,
"USC00186350","NATIONAL ARBORETUM DC, MD US","2017-03-31",,"1.0","0.0","0.0","12.8","6.1",,,,,,
"USC00186350","NATIONAL ARBORETUM DC, MD US","2017-04-01",,"24.9","0.0","0.0","13.9","6.1","0.0",,,,,
"USC00186350","NATIONAL ARBORETUM DC, MD US","2017-04-02",,"0.0","0.0","0.0","16.1","5.6","0.0",,,,,
"USC00186350","NATIONAL ARBORETUM DC, MD US","2017-04-03",,"0.0","0.0","0.0","19.4","7.2","0.0",,,,,
"USC00186350","NATIONAL ARBORETUM DC, MD US","2017-04-04",,"2.8","0.0","0.0","20.6","10.0","0.0",,,,,
"USC00186350","NATIONAL ARBORETUM DC, MD US","2017-04-05",,"0.0","0.0","0.0","27.2","12.2","0.0",,,,,
"USC00186350","NATIONAL ARBORETUM DC, MD US","2017-04-06",,"0.0","0.0","0.0","23.9","12.2","0.0",,,,,
"USC00186350","NATIONAL ARBORETUM DC, MD US","2017-04-07",,"43.9","0.0","0.0","18.9","6.7","0.0",,,,,
"USC00186350","NATIONAL ARBORETUM DC, MD US","2017-04-08",,"0.0","0.0","0.0","9.4","3.9","0.0",,,,,
"USC00186350","NATIONAL ARBORETUM DC, MD US","2017-04-09",,"0.0","0.0","0.0","18.9","3.3","0.0",,,,,
"USC00186350","NATIONAL ARBORETUM DC, MD US","2017-04-10",,"0.0","0.0","0.0","22.8","6.7","0.0",,,,,
"USC00186350","NATIONAL ARBORETUM DC, MD US","2017-04-11",,"0.0","0.0","0.0","28.3","7.2","0.0",,,,,
"USC00186350","NATIONAL ARBORETUM DC, MD US","2017-04-12",,"0.0","0.0","0.0","30.6","15.6","0.0",,,,,
"USC00186350","NATIONAL ARBORETUM DC, MD US","2017-04-13",,"0.0","0.0","0.0","26.7","10.0","0.0",,,,,
"USC00186350","NATIONAL ARBORETUM DC, MD US","2017-04-14",,"0.0","0.0","0.0","22.2","10.0","0.0",,,,,
"USC00186350","NATIONAL ARBORETUM DC, MD US","2017-04-15",,"0.0","0.0","0.0","22.8","11.1","0.0",,,,,
"USC00186350","NATIONAL ARBORETUM DC, MD US","2017-04-16",,"0.0","0.0","0.0","25.6","13.3","0.0",,,,,
"USC00186350","NATIONAL ARBORETUM DC, MD US","2017-04-17",,"0.0","0.0","0.0","29.4","18.9","0.0",,,,,
"USC00186350","NATIONAL ARBORETUM DC, MD US","2017-04-18",,"3.0","0.0","0.0","22.2","10.0","0.0",,,,,
"USC00186350","NATIONAL ARBORETUM DC, MD US","2017-04-19",,"0.0","0.0","0.0","22.8","10.0","0.0",,,,,
"USC00186350","NATIONAL ARBORETUM DC, MD US","2017-04-20",,"0.0","0.0","0.0","16.7","11.1","0.0",,,,,
"USC00186350","NATIONAL ARBORETUM DC, MD US","2017-04-21",,"2.5","0.0","0.0","28.9","14.4","0.0",,,,,
"USC00186350","NATIONAL ARBORETUM DC, MD US","2017-04-22",,"4.8","0.0","0.0","28.3","15.6","0.0",,,,,
"USC00186350","NATIONAL ARBORETUM DC, MD US","2017-04-23",,"5.8","0.0","0.0","15.6","8.3","0.0",,,,,
"USC00186350","NATIONAL ARBORETUM DC, MD US","2017-04-24",,"0.0","0.0","0.0","16.7","8.9","0.0",,,,,
"USC00186350","NATIONAL ARBORETUM DC, MD US","2017-04-25",,"6.1","0.0","0.0","13.9","10.6","0.0",,,,,
"USC00186350","NATIONAL ARBORETUM DC, MD US","2017-04-26",,"2.8","0.0","0.0","15.6","12.8","0.0",,,,,
"USC00186350","NATIONAL ARBORETUM DC, MD US","2017-04-27",,"0.0","0.0","0.0","21.7","12.8","0.0","    1",,,,
"USC00186350","NATIONAL ARBORETUM DC, MD US","2017-04-28",,"0.3","0.0","0.0","28.9","14.4","0.0",,,,,
"USC00186350","NATIONAL ARBORETUM DC, MD US","2017-04-29",,"0.0","0.0","0.0","30.0","17.8","0.0",,,,,
"USC00186350","NATIONAL ARBORETUM DC, MD US","2017-04-30",,"0.0","0.0","0.0","33.9","21.1","0.0",,,,,
"USC00186350","NATIONAL ARBORETUM DC, MD US","2017-05-01",,"0.0","0.0","0.0","30.0","16.1",,,,,,
"USC00186350","NATIONAL ARBORETUM DC, MD US","2017-05-02",,"0.0","0.0","0.0","28.9","17.2",,,,,,
"USC00186350","NATIONAL ARBORETUM DC, MD US","2017-05-03",,"0.0","0.0","0.0","25.6","15.0",,,,,,
"USC00186350","NATIONAL ARBORETUM DC, MD US","2017-05-04",,"0.0","0.0","0.0","18.9","8.9",,,,,,
"USC00186350","NATIONAL ARBORETUM DC, MD US","2017-05-05",,"16.3","0.0","0.0","19.4","10.6",,,,,,
"USC00186350","NATIONAL ARBORETUM DC, MD US","2017-05-06",,"47.5","0.0","0.0","27.2","13.9",,,,,,
"USC00186350","NATIONAL ARBORETUM DC, MD US","2017-05-07",,"2.5","0.0","0.0","14.4","8.3",,,,,,
"USC00186350","NATIONAL ARBORETUM DC, MD US","2017-05-08",,"0.0","0.0","0.0","17.8","6.7",,,,,,
"USC00186350","NATIONAL ARBORETUM DC, MD US","2017-05-09",,"0.0","0.0","0.0","17.8","4.4",,,,,,
"USC00186350","NATIONAL ARBORETUM DC, MD US","2017-05-10",,"0.0","0.0","0.0","20.0","4.4",,,,,,
"USC00186350","NATIONAL ARBORETUM DC, MD US","2017-05-11",,"0.0","0.0","0.0","24.4","7.2",,,,,,
"USC00186350","NATIONAL ARBORETUM DC, MD US","2017-05-12",,"25.4","0.0","0.0","14.4","11.7",,,,,,
"USC00186350","NATIONAL ARBORETUM DC, MD US","2017-05-13",,"24.6","0.0","0.0","15.0","10.0",,,,,,
"USC00186350","NATIONAL ARBORETUM DC, MD US","2017-05-14",,"0.5","0.0","0.0","15.6","7.8",,,,,,
"USC00186350","NATIONAL ARBORETUM DC, MD US","2017-05-15",,"0.0","0.0","0.0","25.0","11.7",,,,,,
"USC00186350","NATIONAL ARBORETUM DC, MD US","2017-05-16",,"0.0","0.0","0.0","25.0","10.0",,,,,,
"USC00186350","NATIONAL ARBORETUM DC, MD US","2017-05-17",,"0.0","0.0","0.0","27.8","10.0",,,,,,
"USC00186350","NATIONAL ARBORETUM DC, MD US","2017-05-18",,"0.0","0.0","0.0","34.4","15.6",,,,,,
"USC00186350","NATIONAL ARBORETUM DC, MD US","2017-05-19",,"0.0","0.0","0.0","33.9","20.0",,,,,,
"USC00186350","NATIONAL ARBORETUM DC, MD US","2017-05-20",,"5.1","0.0","0.0","33.9","20.0",,,,,,
"USC00186350","NATIONAL ARBORETUM DC, MD US","2017-05-21",,"0.0","0.0","0.0","22.2","14.4",,,,,,
"USC00186350","NATIONAL ARBORETUM DC, MD US","2017-05-22",,"3.6","0.0","0.0","20.6","14.4",,,,,,
"USC00186350","NATIONAL ARBORETUM DC, MD US","2017-05-23",,"3.8","0.0","0.0","22.8","15.0",,,,,,
"USC00186350","NATIONAL ARBORETUM DC, MD US","2017-05-24",,"5.1","0.0","0.0","19.4","15.0",,,,,,
"USC00186350","NATIONAL ARBORETUM DC, MD US","2017-05-25",,"16.5","0.0","0.0","18.9","14.4",,,,,,
"USC00186350","NATIONAL ARBORETUM DC, MD US","2017-05-26",,"10.9","0.0","0.0","24.4","16.7",,,,,,
"USC00186350","NATIONAL ARBORETUM DC, MD US","2017-05-27",,"0.0","0.0","0.0","25.0","15.0",,,,,,
"USC00186350","NATIONAL ARBORETUM DC, MD US","2017-05-28",,"0.3","0.0","0.0","23.3","15.6",,,,,,
"USC00186350","NATIONAL ARBORETUM DC, MD US","2017-05-29",,"10.2","0.0","0.0","23.9","19.4",,,,,,
"USC00186350","NATIONAL ARBORETUM DC, MD US","2017-05-30",,"0.0","0.0","0.0","28.9","16.1",,,,,,
"USC00186350","NATIONAL ARBORETUM DC, MD US","2017-05-31",,"2.8","0.0","0.0","22.8","16.7",,,,,,
"USC00186350","NATIONAL ARBORETUM DC, MD US","2017-06-01",,"1.5","0.0","0.0","28.3","16.1","0.0",,,,,
"USC00186350","NATIONAL ARBORETUM DC, MD US","2017-06-02",,"0.0","0.0","0.0","28.9","13.9","0.0",,,,,
"USC00186350","NATIONAL ARBORETUM DC, MD US","2017-06-03",,"0.0","0.0","0.0","28.3","13.9","0.0",,,,,
"USC00186350","NATIONAL ARBORETUM DC, MD US","2017-06-04",,"0.0","0.0","0.0","30.0","15.0","0.0",,,,,
"USC00186350","NATIONAL ARBORETUM DC, MD US","2017-06-05",,"0.0","0.0","0.0","31.7","21.7","0.0",,,,,
"USC00186350","NATIONAL ARBORETUM DC, MD US","2017-06-06",,"0.8","0.0","0.0","23.9","18.9","0.0",,,,,
"USC00186350","NATIONAL ARBORETUM DC, MD US","2017-06-07",,"0.0","0.0","0.0","25.6","16.1","0.0",,,,,
"USC00186350","NATIONAL ARBORETUM DC, MD US","2017-06-08",,"0.0","0.0","0.0","20.0","10.6","0.0",,,,,
"USC00186350","NATIONAL ARBORETUM DC, MD US","2017-06-09",,"0.0","0.0","0.0","23.9","11.1","0.0",,,,,
"USC00186350","NATIONAL ARBORETUM DC, MD US","2017-06-10",,"0.0","0.0","0.0","28.3","13.9","0.0",,,,,
"USC00186350","NATIONAL ARBORETUM DC, MD US","2017-06-11",,"0.0","0.0","0.0","32.2","20.6","0.0",,,,,
"USC00186350","NATIONAL ARBORETUM DC, MD US","2017-06-12",,"0.0","0.0","0.0","33.9","21.7","0.0",,,,,
"USC00186350","NATIONAL ARBORETUM DC, MD US","2017-06-13",,"0.0","0.0","0.0","34.4","22.8","0.0",,,,,
"USC00186350","NATIONAL ARBORETUM DC, MD US","2017-06-14",,"0.0","0.0","0.0","35.6","24.4","0.0",,,,,
"USC00186350","NATIONAL ARBORETUM DC, MD US","2017-06-15",,"0.0","0.0","0.0","32.8","20.6","0.0",,,,,
"USC00186350","NATIONAL ARBORETUM DC, MD US","2017-06-16",,"0.0","0.0","0.0","30.6","20.6","0.0",,,,,
"USC00186350","NATIONAL ARBORETUM DC, MD US","2017-06-17",,"9.9","0.0","0.0","27.8","22.2","0.0",,,,,
"USC00186350","NATIONAL ARBORETUM DC, MD US","2017-06-18",,"0.0","0.0","0.0","30.6","24.4","0.0",,,,,
"USC00186350","NATIONAL ARBORETUM DC, MD US","2017-06-19",,"0.0","0.0","0.0","33.3","26.1","0.0",,,,,
"USC00186350","NATIONAL ARBORETUM DC, MD US","2017-06-20",,"14.7","0.0","0.0","31.7","21.7","0.0",,,,,
"USC00186350","NATIONAL ARBORETUM DC, MD US","2017-06-21",,"0.0","0.0","0.0","31.7","21.7","0.0",,,,,
"USC00186350","NATIONAL ARBORETUM DC, MD US","2017-06-22",,"0.0","0.0","0.0","32.2","21.7","0.0",,,,,
"USC00186350","NATIONAL ARBORETUM DC, MD US","2017-06-23",,"3.8","0.0","0.0","31.1","22.2","0.0",,,,,
"USC00186350","NATIONAL ARBORETUM DC, MD US","2017-06-24",,"5.1","0.0","0.0","31.1","23.9","0.0",,,,,
"USC00186350","NATIONAL ARBORETUM DC, MD US","2017-06-25",,"0.0","0.0","0.0","31.1","20.6","0.0",,,,,
"USC00186350","NATIONAL ARBORETUM DC, MD US","2017-06-26",,"0.0","0.0","0.0","31.1","17.8","0.0",,,,,
"USC00186350","NATIONAL ARBORETUM DC, MD US","2017-06-27",,"0.0","0.0","0.0","28.3","17.8","0.0",,,,,
"USC00186350","NATIONAL ARBORETUM DC, MD US","2017-06-28",,"0.0","0.0","0.0","27.2","12.8","0.0",,,,,
"USC00186350","NATIONAL ARBORETUM DC, MD US","2017-06-29",,"0.0","0.0","0.0","28.3","13.9","0.0",,,,,
"USC00186350","NATIONAL ARBORETUM DC, MD US","2017-06-30",,"0.0","0.0","0.0","32.8","18.9","0.0",,,,,
"USC00186350","NATIONAL ARBORETUM DC, MD US","2017-07-01",,"0.0","0.0","0.0","33.9","22.8","0.0",,,,,
"USC00186350","NATIONAL ARBORETUM DC, MD US","2017-07-02",,"14.5","0.0","0.0","33.9","23.3","0.0",,,,,
"USC00186350","NATIONAL ARBORETUM DC, MD US","2017-07-03",,"0.5","0.0","0.0","33.9","22.2","0.0",,,,,
"USC00186350","NATIONAL ARBORETUM DC, MD US","2017-07-04",,"0.0","0.0","0.0","33.3","22.8","0.0",,,,,
"USC00186350","NATIONAL ARBORETUM DC, MD US","2017-07-05",,"0.0","0.0","0.0","33.9","23.9","0.0",,,,,
"USC00186350","NATIONAL ARBORETUM DC, MD US","2017-07-06",,"14.7","0.0","0.0","30.0","21.7","0.0",,,,,
"USC00186350","NATIONAL ARBORETUM DC, MD US","2017-07-07",,"8.4","0.0","0.0","31.1",,"0.0",,,,,
"USC00186350","NATIONAL ARBORETUM DC, MD US","2017-07-08",,"0.0","0.0","0.0","32.8","21.1","0.0",,,,,
"USC00186350","NATIONAL ARBORETUM DC, MD US","2017-07-09",,"0.0","0.0","0.0","32.2","20.0","0.0",,,,,
"USC00186350","NATIONAL ARBORETUM DC, MD US","2017-07-10",,"0.0","0.0","0.0","30.0","20.0","0.0",,,,,
"USC00186350","NATIONAL ARBORETUM DC, MD US","2017-07-11",,"0.0","0.0","0.0","32.8","20.6","0.0",,,,,
"USC00186350","NATIONAL ARBORETUM DC, MD US","2017-07-12",,"0.0","0.0","0.0","33.9","23.9","0.0",,,,,
"USC00186350","NATIONAL ARBORETUM DC, MD US","2017-07-13",,"0.0","0.0","0.0","34.4","25.0","0.0",,,,,
"USC00186350","NATIONAL ARBORETUM DC, MD US","2017-07-14",,"0.0","0.0","0.0","35.6","25.6","0.0",,,,,
"USC00186350","NATIONAL ARBORETUM DC, MD US","2017-07-15",,"11.9","0.0","0.0","36.7","22.8","0.0",,,,,
"USC00186350","NATIONAL ARBORETUM DC, MD US","2017-07-16",,"0.0","0.0","0.0","32.2","19.4","0.0",,,,,
"USC00186350","NATIONAL ARBORETUM DC, MD US","2017-07-17",,"0.0","0.0","0.0","32.2","22.8","0.0",,,,,
"USC00186350","NATIONAL ARBORETUM DC, MD US","2017-07-18",,"5.8","0.0","0.0","33.3","24.4","0.0",,,,,
"USC00186350","NATIONAL ARBORETUM DC, MD US","2017-07-19",,"23.6","0.0","0.0","33.9","22.2","0.0",,,,,
"USC00186350","NATIONAL ARBORETUM DC, MD US","2017-07-20",,"0.0","0.0","0.0","35.0","23.9","0.0",,,,,
"USC00186350","NATIONAL ARBORETUM DC, MD US","2017-07-21",,"0.0","0.0","0.0","35.6","25.6","0.0",,,,,
"USC00186350","NATIONAL ARBORETUM DC, MD US","2017-07-22",,"0.0","0.0","0.0","35.0","26.1","0.0",,,,,
"USC00186350","NATIONAL ARBORETUM DC, MD US","2017-07-23",,"21.1","0.0","0.0","34.4","22.2","0.0",,,,,
"USC00186350","NATIONAL ARBORETUM DC, MD US","2017-07-24",,"35.8","0.0","0.0","31.1","22.8","0.0",,,,,
"USC00186350","NATIONAL ARBORETUM DC, MD US","2017-07-25",,"0.0","0.0","0.0","33.3","21.7","0.0",,,,,
"USC00186350","NATIONAL ARBORETUM DC, MD US","2017-07-26",,"0.0","0.0","0.0","28.3","17.8","0.0",,,,,
"USC00186350","NATIONAL ARBORETUM DC, MD US","2017-07-27",,"0.0","0.0","0.0","31.1","20.0","0.0",,,,,
"USC00186350","NATIONAL ARBORETUM DC, MD US","2017-07-28",,"0.0","0.0","0.0","30.6","22.8","0.0",,,,,
"USC00186350","NATIONAL ARBORETUM DC, MD US","2017-07-29",,"121.9","0.0","0.0","27.2","23.3","0.0",,,,,
"USC00186350","NATIONAL ARBORETUM DC, MD US","2017-07-30",,"1.5","0.0","0.0","25.0","15.0","0.0",,,,,
"USC00186350","NATIONAL ARBORETUM DC, MD US","2017-07-31",,"0.0","0.0","0.0","28.9","16.1","0.0",,,,,
"USC00186350","NATIONAL ARBORETUM DC, MD US","2017-08-01",,"0.0","0.0","0.0","32.8","20.0","0.0",,,,,
"USC00186350","NATIONAL ARBORETUM DC, MD US","2017-08-02",,"0.0","0.0","0.0","32.8","21.7","0.0",,,,,
"USC00186350","NATIONAL ARBORETUM DC, MD US","2017-08-03",,"0.0","0.0","0.0","32.8","21.1","0.0",,,,,
"USC00186350","NATIONAL ARBORETUM DC, MD US","2017-08-04",,"14.7","0.0","0.0","33.3","21.1","0.0",,,,,
"USC00186350","NATIONAL ARBORETUM DC, MD US","2017-08-05",,"0.0","0.0","0.0","33.3","21.1","0.0",,,,,
"USC00186350","NATIONAL ARBORETUM DC, MD US","2017-08-06",,"0.0","0.0","0.0","27.2","17.8","0.0",,,,,
"USC00186350","NATIONAL ARBORETUM DC, MD US","2017-08-07",,"7.6","0.0","0.0","28.3","20.0","0.0",,,,,
"USC00186350","NATIONAL ARBORETUM DC, MD US","2017-08-08",,"26.7","0.0","0.0","25.6","21.1","0.0",,,,,
"USC00186350","NATIONAL ARBORETUM DC, MD US","2017-08-09",,"0.8","0.0","0.0","27.8","16.7","0.0",,,,,
"USC00186350","NATIONAL ARBORETUM DC, MD US","2017-08-10",,"0.0","0.0","0.0","30.0","17.2","0.0",,,,,
"USC00186350","NATIONAL ARBORETUM DC, MD US","2017-08-11",,"0.0","0.0","0.0","30.0","20.0","0.0",,,,,
"USC00186350","NATIONAL ARBORETUM DC, MD US","2017-08-12",,"10.2","0.0","0.0","28.9","22.2","0.0",,,,,
"USC00186350","NATIONAL ARBORETUM DC, MD US","2017-08-13",,"21.8","0.0","0.0","30.0","21.1","0.0",,,,,
"USC00186350","NATIONAL ARBORETUM DC, MD US","2017-08-14",,,"0.0","0.0","30.0","20.0","0.0",,,,,
"USC00186350","NATIONAL ARBORETUM DC, MD US","2017-08-15",,"0.5","0.0","0.0","26.1","22.2","0.0",,,,,
"USC00186350","NATIONAL ARBORETUM DC, MD US","2017-08-16",,"4.6","0.0","0.0","28.3","22.2","0.0",,,,,
"USC00186350","NATIONAL ARBORETUM DC, MD US","2017-08-17",,"0.0","0.0","0.0","33.3","23.3","0.0",,,,,
"USC00186350","NATIONAL ARBORETUM DC, MD US","2017-08-18",,"0.0","0.0","0.0","32.8","25.0","0.0",,,,,
"USC00186350","NATIONAL ARBORETUM DC, MD US","2017-08-19",,"6.9","0.0","0.0","33.9","24.4","0.0",,,,,
"USC00186350","NATIONAL ARBORETUM DC, MD US","2017-08-20",,"0.0","0.0","0.0","32.8","19.4","0.0",,,,,
"USC00186350","NATIONAL ARBORETUM DC, MD US","2017-08-21",,"0.0","0.0","0.0","31.7","22.2","0.0",,,,,
"USC00186350","NATIONAL ARBORETUM DC, MD US","2017-08-22",,"0.0","0.0","0.0","32.8","22.2","0.0",,,,,
"USC00186350","NATIONAL ARBORETUM DC, MD US","2017-08-23",,"0.0","0.0","0.0","33.9","24.4","0.0",,,,,
"USC00186350","NATIONAL ARBORETUM DC, MD US","2017-08-24",,"0.0","0.0","0.0","30.6","20.0","0.0",,,,,
"USC00186350","NATIONAL ARBORETUM DC, MD US","2017-08-25",,"1.3","0.0","0.0","28.3","17.2","0.0",,,,,
"USC00186350","NATIONAL ARBORETUM DC, MD US","2017-08-26",,"0.0","0.0","0.0","27.2","16.1","0.0",,,,,
"USC00186350","NATIONAL ARBORETUM DC, MD US","2017-08-27",,"0.0","0.0","0.0","27.8","15.6","0.0",,,,,
"USC00186350","NATIONAL ARBORETUM DC, MD US","2017-08-28",,"0.0","0.0","0.0","26.7","15.6","0.0",,,,,
"USC00186350","NATIONAL ARBORETUM DC, MD US","2017-08-29",,"1.8","0.0","0.0","26.1","15.6","0.0",,,,,
"USC00186350","NATIONAL ARBORETUM DC, MD US","2017-08-30",,"21.8","0.0","0.0","21.7","16.7","0.0",,,,,
"USC00186350","NATIONAL ARBORETUM DC, MD US","2017-08-31",,"0.0","0.0","0.0","26.7","17.8","0.0",,,,,
"USC00186350","NATIONAL ARBORETUM DC, MD US","2017-09-01",,"0.0","0.0","0.0","29.4","16.7","0.0",,,,,
"USC00186350","NATIONAL ARBORETUM DC, MD US","2017-09-02",,"5.6","0.0","0.0","19.4","13.9","0.0",,,,,
"USC00186350","NATIONAL ARBORETUM DC, MD US","2017-09-03",,"13.7","0.0","0.0","19.4","15.0","0.0",,,,,
"USC00186350","NATIONAL ARBORETUM DC, MD US","2017-09-04",,"7.6","0.0","0.0","26.7","15.0","0.0",,,,,
"USC00186350","NATIONAL ARBORETUM DC, MD US","2017-09-05",,"0.0","0.0","0.0","27.8","17.2","0.0",,,,,
"USC00186350","NATIONAL ARBORETUM DC, MD US","2017-09-06",,"4.1","0.0","0.0","30.0","20.0","0.0",,,,,
"USC00186350","NATIONAL ARBORETUM DC, MD US","2017-09-07",,"14.5","0.0","0.0","21.1","16.1","0.0",,,,,
"USC00186350","NATIONAL ARBORETUM DC, MD US","2017-09-08",,"0.0","0.0","0.0","23.3","11.7","0.0",,,,,
"USC00186350","NATIONAL ARBORETUM DC, MD US","2017-09-09",,,"0.0","0.0","24.4","11.7","0.0",,,,,
"USC00186350","NATIONAL ARBORETUM DC, MD US","2017-09-10",,"0.0","0.0","0.0","22.8","11.1","0.0",,,,,
"USC00186350","NATIONAL ARBORETUM DC, MD US","2017-09-11",,"0.0","0.0","0.0","23.3","10.6","0.0",,,,,
"USC00186350","NATIONAL ARBORETUM DC, MD US","2017-09-12",,"0.0","0.0","0.0","23.9","10.6","0.0",,,,,
"USC00186350","NATIONAL ARBORETUM DC, MD US","2017-09-13",,"0.0","0.0","0.0","26.1","15.6","0.0",,,,,
"USC00186350","NATIONAL ARBORETUM DC, MD US","2017-09-14",,"1.8","0.0","0.0","27.2","18.9","0.0",,,,,
"USC00186350","NATIONAL ARBORETUM DC, MD US","2017-09-15",,"8.4","0.0","0.0","28.3","18.9","0.0",,,,,
"USC00186350","NATIONAL ARBORETUM DC, MD US","2017-09-16",,"0.0","0.0","0.0","28.3","18.3","0.0",,,,,
"USC00186350","NATIONAL ARBORETUM DC, MD US","2017-09-17",,"0.0","0.0","0.0","30.0","17.8","0.0","    1",,,,
"USC00186350","NATIONAL ARBORETUM DC, MD US","2017-09-18",,"0.0","0.0","0.0","27.8","20.0","0.0",,,,,
"USC00186350","NATIONAL ARBORETUM DC, MD US","2017-09-19",,"0.0","0.0","0.0","24.4","19.4","0.0",,,,,
"USC00186350","NATIONAL ARBORETUM DC, MD US","2017-09-20",,"0.0","0.0","0.0","28.9","20.6","0.0",,,,,
"USC00186350","NATIONAL ARBORETUM DC, MD US","2017-09-21",,"0.0","0.0","0.0","30.6","17.8","0.0",,,,,
"USC00186350","NATIONAL ARBORETUM DC, MD US","2017-09-22",,"0.0","0.0","0.0","31.1","17.8","0.0",,,,,
"USC00186350","NATIONAL ARBORETUM DC, MD US","2017-09-23",,"0.0","0.0","0.0","28.3","15.6","0.0",,,,,
"USC00186350","NATIONAL ARBORETUM DC, MD US","2017-09-24",,"0.0","0.0","0.0","31.7","16.7","0.0",,,,,
"USC00186350","NATIONAL ARBORETUM DC, MD US","2017-09-25",,"0.0","0.0","0.0","32.2","17.8","0.0",,,,,
"USC00186350","NATIONAL ARBORETUM DC, MD US","2017-09-26",,"0.0","0.0","0.0","32.8","19.4","0.0",,,,,
"USC00186350","NATIONAL ARBORETUM DC, MD US","2017-09-27",,"0.0","0.0","0.0","30.0","19.4","0.0",,,,,
"USC00186350","NATIONAL ARBORETUM DC, MD US","2017-09-28",,"0.0","0.0","0.0","32.8","20.6","0.0",,,,,
"USC00186350","NATIONAL ARBORETUM DC, MD US","2017-09-29",,"0.0","0.0","0.0","27.2","11.7","0.0",,,,,
"USC00186350","NATIONAL ARBORETUM DC, MD US","2017-09-30",,"0.0","0.0","0.0","23.3","12.2","0.0",,,,,
"USC00186350","NATIONAL ARBORETUM DC, MD US","2017-10-01",,"0.0","0.0","0.0","20.0","8.3","0.0",,,,,
"USC00186350","NATIONAL ARBORETUM DC, MD US","2017-10-02",,"0.0","0.0","0.0","21.7","8.3","0.0",,,,,
"USC00186350","NATIONAL ARBORETUM DC, MD US","2017-10-03",,"0.0","0.0","0.0","23.9","8.3","0.0",,,,,
"USC00186350","NATIONAL ARBORETUM DC, MD US","2017-10-04",,"0.0","0.0","0.0","23.9","10.0","0.0",,,,,
"USC00186350","NATIONAL ARBORETUM DC, MD US","2017-10-05",,"0.0","0.0","0.0","25.0","12.2","0.0",,,,,
"USC00186350","NATIONAL ARBORETUM DC, MD US","2017-10-06",,"0.0","0.0","0.0","28.3","13.3","0.0",,,,,
"USC00186350","NATIONAL ARBORETUM DC, MD US","2017-10-07",,"0.0","0.0","0.0","28.9","16.1","0.0",,,,,
"USC00186350","NATIONAL ARBORETUM DC, MD US","2017-10-08",,"0.0","0.0","0.0","29.4",,"0.0",,,,,
"USC00186350","NATIONAL ARBORETUM DC, MD US","2017-10-09",,"12.7","0.0","0.0","27.8","23.3","0.0",,,,,
"USC00186350","NATIONAL ARBORETUM DC, MD US","2017-10-10",,"3.6","0.0","0.0","28.3","21.1","0.0",,,,,
"USC00186350","NATIONAL ARBORETUM DC, MD US","2017-10-11",,"0.0","0.0","0.0","28.9","21.1","0.0",,,,,
"USC00186350","NATIONAL ARBORETUM DC, MD US","2017-10-12",,"8.1","0.0","0.0","23.3","18.9","0.0",,,,,
"USC00186350","NATIONAL ARBORETUM DC, MD US","2017-10-13",,"0.0","0.0","0.0","20.0","15.6","0.0",,,,,
"USC00186350","NATIONAL ARBORETUM DC, MD US","2017-10-14",,"1.0","0.0","0.0","18.3","15.6","0.0",,,,,
"USC00186350","NATIONAL ARBORETUM DC, MD US","2017-10-15",,"0.3","0.0","0.0","21.1","15.6","0.0",,,,,
"USC00186350","NATIONAL ARBORETUM DC, MD US","2017-10-16",,"3.6","0.0","0.0","25.6","16.1","0.0",,,,,
"USC00186350","NATIONAL ARBORETUM DC, MD US","2017-10-17",,"0.0","0.0","0.0","18.3","4.4","0.0",,,,,
"USC00186350","NATIONAL ARBORETUM DC, MD US","2017-10-18",,"0.0","0.0","0.0","17.2","5.0","0.0",,,,,
"USC00186350","NATIONAL ARBORETUM DC, MD US","2017-10-19",,"0.0","0.0","0.0","21.7","5.6","0.0",,,,,
"USC00186350","NATIONAL ARBORETUM DC, MD US","2017-10-20",,"0.0","0.0","0.0","22.8","7.2","0.0",,,,,
"USC00186350","NATIONAL ARBORETUM DC, MD US","2017-10-21",,"0.0","0.0","0.0","24.4","8.3","0.0",,,,,
"USC00186350","NATIONAL ARBORETUM DC, MD US","2017-10-22",,"0.0","0.0","0.0","25.6","8.9","0.0",,,,,
"USC00186350","NATIONAL ARBORETUM DC, MD US","2017-10-23",,"0.0","0.0","0.0","24.4","13.9","0.0","    1",,,,
"USC00186350","NATIONAL ARBORETUM DC, MD US","2017-10-24",,"3.8","0.0","0.0","25.0","16.1","0.0",,,,,
"USC00186350","NATIONAL ARBORETUM DC, MD US","2017-10-25",,"0.0","0.0","0.0","22.8","12.8","0.0",,,,,
"USC00186350","NATIONAL ARBORETUM DC, MD US","2017-10-26",,"0.0","0.0","0.0","18.9","9.4","0.0",,,,,
"USC00186350","NATIONAL ARBORETUM DC, MD US","2017-10-27",,"0.0","0.0","0.0","15.6","3.3","0.0",,,,,
"USC00186350","NATIONAL ARBORETUM DC, MD US","2017-10-29","3.8",,"0.0","0.0",,,"0.0",,,,,
"USC00186350","NATIONAL ARBORETUM DC, MD US","2017-10-30",,"27.9","0.0","0.0","21.1","7.8","0.0",,,,,
"USC00186350","NATIONAL ARBORETUM DC, MD US","2017-10-31",,"0.0","0.0","0.0","15.0","5.0","0.0",,,,,
"USC00186350","NATIONAL ARBORETUM DC, MD US","2017-11-01",,"0.0","0.0","0.0","16.1","5.0","0.0",,,,,
"USC00186350","NATIONAL ARBORETUM DC, MD US","2017-11-02",,"0.0","0.0","0.0","17.8","6.7","0.0",,,,,
"USC00186350","NATIONAL ARBORETUM DC, MD US","2017-11-03",,"0.0","0.0","0.0","23.9","11.1","0.0",,,,,
"USC00186350","NATIONAL ARBORETUM DC, MD US","2017-11-04",,"0.0","0.0","0.0","25.6","9.4","0.0",,,,,
"USC00186350","NATIONAL ARBORETUM DC, MD US","2017-11-05",,"15.5","0.0","0.0","15.6","8.9","0.0",,,,,
"USC00186350","NATIONAL ARBORETUM DC, MD US","2017-11-06",,"0.5","0.0","0.0","18.3","14.4","0.0",,,,,
"USC00186350","NATIONAL ARBORETUM DC, MD US","2017-11-07",,"2.8","0.0","0.0","22.2","7.8","0.0",,,,,
"USC00186350","NATIONAL ARBORETUM DC, MD US","2017-11-08",,"27.7","0.0","0.0","8.3","5.0","0.0",,,,,
"USC00186350","NATIONAL ARBORETUM DC, MD US","2017-11-09",,"0.5","0.0","0.0","9.4","5.6","0.0",,,,,
"USC00186350","NATIONAL ARBORETUM DC, MD US","2017-11-10",,"1.0","0.0","0.0","13.3","6.1","0.0",,,,,
"USC00186350","NATIONAL ARBORETUM DC, MD US","2017-11-11",,"0.0","0.0","0.0","7.2","-3.9","0.0",,,,,
"USC00186350","NATIONAL ARBORETUM DC, MD US","2017-11-12",,"0.0","0.0","0.0","3.9","-2.8","0.0",,,,,
"USC00186350","NATIONAL ARBORETUM DC, MD US","2017-11-13",,"3.6","0.0","0.0","8.3","1.1","0.0",,,,,
"USC00186350","NATIONAL ARBORETUM DC, MD US","2017-11-14",,"0.0","0.0","0.0","11.7","1.1","0.0",,,,,
"USC00186350","NATIONAL ARBORETUM DC, MD US","2017-11-15",,"0.0","0.0","0.0","10.6","-0.6","0.0",,,,,
"USC00186350","NATIONAL ARBORETUM DC, MD US","2017-11-16",,"0.3","0.0","0.0","12.8","1.7","0.0",,,,,
"USC00186350","NATIONAL ARBORETUM DC, MD US","2017-11-17",,"0.0","0.0","0.0","16.7","5.0","0.0",,,,,
"USC00186350","NATIONAL ARBORETUM DC, MD US","2017-11-18",,"0.0","0.0","0.0","11.7","0.6","0.0",,,,,
"USC00186350","NATIONAL ARBORETUM DC, MD US","2017-11-19",,"2.5","0.0","0.0","16.7","6.7","0.0",,,,,
"USC00186350","NATIONAL ARBORETUM DC, MD US","2017-11-20",,"0.0","0.0","0.0","10.6","3.3","0.0",,,,,
"USC00186350","NATIONAL ARBORETUM DC, MD US","2017-11-21",,"0.0","0.0","0.0","11.1","2.8","0.0",,,,,
"USC00186350","NATIONAL ARBORETUM DC, MD US","2017-11-22",,"0.8","0.0","0.0","16.1","6.1","0.0",,,,,
"USC00186350","NATIONAL ARBORETUM DC, MD US","2017-11-23",,"0.0","0.0","0.0","15.0","-1.7","0.0",,,,,
"USC00186350","NATIONAL ARBORETUM DC, MD US","2017-11-24",,"0.0","0.0","0.0","7.8","-2.2","0.0",,,,,
"USC00186350","NATIONAL ARBORETUM DC, MD US","2017-11-25",,"0.0","0.0","0.0","12.2","0.0","0.0",,,,,
"USC00186350","NATIONAL ARBORETUM DC, MD US","2017-11-26",,"0.0","0.0","0.0","15.6","0.0","0.0",,,,,
"USC00186350","NATIONAL ARBORETUM DC, MD US","2017-11-27",,"0.0","0.0","0.0","12.2","1.7","0.0",,,,,
"USC00186350","NATIONAL ARBORETUM DC, MD US","2017-11-28",,"0.0","0.0","0.0","15.6","1.1","0.0",,,,,
"USC00186350","NATIONAL ARBORETUM DC, MD US","2017-11-29",,"0.0","0.0","0.0","17.2","1.1","0.0",,,,,
"USC00186350","NATIONAL ARBORETUM DC, MD US","2017-11-30",,"0.0","0.0","0.0","20.0","3.3","0.0",,,,,
"USC00186350","NATIONAL ARBORETUM DC, MD US","2017-12-01",,"0.5","0.0","0.0","15.6","5.6","0.0",,,,,
"USC00186350","NATIONAL ARBORETUM DC, MD US","2017-12-02",,"0.0","0.0","0.0","13.3","-1.1","0.0",,,,,
"USC00186350","NATIONAL ARBORETUM DC, MD US","2017-12-03",,"1.3","0.0","0.0","11.7","1.7","0.0",,,,,
"USC00186350","NATIONAL ARBORETUM DC, MD US","2017-12-04",,"0.0","0.0","0.0","13.3","-0.6","0.0",,,,,
"USC00186350","NATIONAL ARBORETUM DC, MD US","2017-12-05",,"0.0","0.0","0.0","12.8","0.6","0.0",,,,,
"USC00186350","NATIONAL ARBORETUM DC, MD US","2017-12-06",,"2.5","0.0","0.0","15.6","5.0","0.0",,,,,
"USC00186350","NATIONAL ARBORETUM DC, MD US","2017-12-07",,"0.0","0.0","0.0","8.3","2.2","0.0",,,,,
"USC00186350","NATIONAL ARBORETUM DC, MD US","2017-12-08",,"0.0","0.0","0.0","9.4","2.8","0.0",,,,,
"USC00186350","NATIONAL ARBORETUM DC, MD US","2017-12-09",,"0.0","0.0","0.0","5.0","2.2","0.0",,,,,
"USC00186350","NATIONAL ARBORETUM DC, MD US","2017-12-10",,"5.6",,"25.0","2.8","-1.7",,,,,,
"USC00186350","NATIONAL ARBORETUM DC, MD US","2017-12-11",,"0.0","0.0","0.0","5.0","0.0","0.0",,,,,
"USC00186350","NATIONAL ARBORETUM DC, MD US","2017-12-12",,"0.0","0.0","0.0","8.9","1.1","0.0",,,,,
"USC00186350","NATIONAL ARBORETUM DC, MD US","2017-12-13",,"0.0","0.0","0.0","8.9","-5.6","0.0",,,,,
"USC00186350","NATIONAL ARBORETUM DC, MD US","2017-12-14",,"0.0","0.0","0.0","3.3","-4.4","0.0",,,,,
"USC00186350","NATIONAL ARBORETUM DC, MD US","2017-12-15",,"0.0","0.0","0.0","6.7","-2.8","0.0",,,,,
"USC00186350","NATIONAL ARBORETUM DC, MD US","2017-12-16",,"0.3","0.0","0.0","-0.6","-4.4",,,,,,
"USC00186350","NATIONAL ARBORETUM DC, MD US","2017-12-17",,"0.0","0.0","0.0","7.8","-2.8","0.0",,,,,
"USC00186350","NATIONAL ARBORETUM DC, MD US","2017-12-18",,"0.0","0.0","0.0","11.1","-0.6","0.0",,,,,
"USC00186350","NATIONAL ARBORETUM DC, MD US","2017-12-19",,"0.0","0.0","0.0","13.3","2.2","0.0",,,,,
"USC00186350","NATIONAL ARBORETUM DC, MD US","2017-12-20",,"0.0","0.0","0.0","15.6","3.3","0.0",,,,,
"USC00186350","NATIONAL ARBORETUM DC, MD US","2017-12-21",,"0.0","0.0","0.0","11.1","-2.8","0.0",,,,,
"USC00186350","NATIONAL ARBORETUM DC, MD US","2017-12-22",,"0.0","0.0","0.0","7.2","-2.2","0.0",,,,,
"USC00186350","NATIONAL ARBORETUM DC, MD US","2017-12-23",,"0.0","0.0","0.0","13.3","1.1","0.0",,,,,
"USC00186350","NATIONAL ARBORETUM DC, MD US","2017-12-24",,"6.1","0.0","0.0","17.8","2.8","0.0",,,,,
"USC00186350","NATIONAL ARBORETUM DC, MD US","2017-12-25",,"0.0","0.0","0.0","6.7","1.7","0.0",,,,,
"USC00186350","NATIONAL ARBORETUM DC, MD US","2017-12-26",,"0.0","0.0","0.0","1.7","-1.7","0.0",,,,,
"USC00186350","NATIONAL ARBORETUM DC, MD US","2017-12-27",,"0.0","0.0","0.0","3.3","-1.7","0.0",,,,,
"USC00186350","NATIONAL ARBORETUM DC, MD US","2017-12-28",,"0.0","0.0","0.0","-1.1","-9.4","0.0",,,,,
"USC00186350","NATIONAL ARBORETUM DC, MD US","2017-12-29",,"0.0","0.0","0.0","-4.4","-9.4","0.0",,,,,
"USC00186350","NATIONAL ARBORETUM DC, MD US","2017-12-30",,"0.8","10.0","0.0","0.0","-7.8",,,,,,
"USC00186350","NATIONAL ARBORETUM DC, MD US","2017-12-31",,"0.0","0.0","0.0","0.0","-8.3",,,,,,
"USC00186350","NATIONAL ARBORETUM DC, MD US","2018-01-02",,"0.0","0.0","0.0",,,,,,,,
"USC00186350","NATIONAL ARBORETUM DC, MD US","2018-01-03",,"0.0","0.0","0.0","-3.9","-12.8",,,,,,
"USC00186350","NATIONAL ARBORETUM DC, MD US","2018-01-04",,"1.8","20.0","25.0","1.1","-12.8",,,,,,
"USC00186350","NATIONAL ARBORETUM DC, MD US","2018-01-05",,"0.0","0.0","0.0","-2.8","-11.1",,,,,,
"USC00186350","NATIONAL ARBORETUM DC, MD US","2018-01-06",,"0.0","0.0","0.0","-7.2","-12.2",,,,,,
"USC00186350","NATIONAL ARBORETUM DC, MD US","2018-01-07",,"0.0","0.0","0.0","-6.7","-13.3",,,,,,
"USC00186350","NATIONAL ARBORETUM DC, MD US","2018-01-08",,"0.0","0.0","0.0","-5.0","-12.2",,,,,,
"USC00186350","NATIONAL ARBORETUM DC, MD US","2018-01-09",,"0.8","0.0","0.0","3.9","-6.1",,"    1",,,,
"USC00186350","NATIONAL ARBORETUM DC, MD US","2018-01-10",,"0.0","0.0","0.0","9.4","-3.9","0.0",,,,,
"USC00186350","NATIONAL ARBORETUM DC, MD US","2018-01-11",,"0.0","0.0","0.0","6.1","-0.6","0.0",,,,,
"USC00186350","NATIONAL ARBORETUM DC, MD US","2018-01-12",,"3.3","0.0","0.0","19.4","5.0","0.0",,,,,
"USC00186350","NATIONAL ARBORETUM DC, MD US","2018-01-13",,"9.1","0.0","0.0","23.3","1.1","0.0",,,,,
"USC00186350","NATIONAL ARBORETUM DC, MD US","2018-01-14",,"0.0","0.0","0.0","2.2","-8.9","0.0",,,,,
"USC00186350","NATIONAL ARBORETUM DC, MD US","2018-01-15",,"0.0","0.0","0.0","-2.2","-9.4","0.0",,,,,
"USC00186350","NATIONAL ARBORETUM DC, MD US","2018-01-16",,"0.0","0.0","0.0","0.0","-5.0","0.0",,,,,
"USC00186350","NATIONAL ARBORETUM DC, MD US","2018-01-17",,"1.3","18.0","25.0","5.0","-4.4",,,,,,
"USC00186350","NATIONAL ARBORETUM DC, MD US","2018-01-18",,"0.0","0.0","0.0","-2.8","-7.8",,,,,,
"USC00186350","NATIONAL ARBORETUM DC, MD US","2018-01-19",,"0.0","0.0","0.0","7.8","-6.7",,,,,,
"USC00186350","NATIONAL ARBORETUM DC, MD US","2018-01-20",,"0.0","0.0","0.0","11.7","-3.9","0.0",,,,,
"USC00186350","NATIONAL ARBORETUM DC, MD US","2018-01-21",,"0.0","0.0","0.0","16.1","-3.9","0.0",,,,,
"USC00186350","NATIONAL ARBORETUM DC, MD US","2018-01-22",,"0.0","0.0","0.0","16.7","2.8","0.0",,,,,
"USC00186350","NATIONAL ARBORETUM DC, MD US","2018-01-23",,"1.8","0.0","0.0","20.0","9.4","0.0",,,,,
"USC00186350","NATIONAL ARBORETUM DC, MD US","2018-01-24",,"0.0","0.0","0.0","19.4","4.4",,,,,,
"USC00186350","NATIONAL ARBORETUM DC, MD US","2018-01-25",,"0.0","0.0","0.0","8.3","-0.6",,,,,,
"USC00186350","NATIONAL ARBORETUM DC, MD US","2018-01-26",,"0.0","0.0","0.0","5.6","-5.0",,,,,,
"USC00186350","NATIONAL ARBORETUM DC, MD US","2018-01-27",,"0.0","0.0","0.0","9.4","-3.9",,,,,,
"USC00186350","NATIONAL ARBORETUM DC, MD US","2018-01-28",,"0.8","0.0","0.0","16.7","6.7",,,,,,
"USC00186350","NATIONAL ARBORETUM DC, MD US","2018-01-29",,"3.6","0.0","0.0","12.8","6.7",,,,,,
"USC00186350","NATIONAL ARBORETUM DC, MD US","2018-01-30",,"0.3",,,"7.8","0.6",,,,,,
"USC00186350","NATIONAL ARBORETUM DC, MD US","2018-01-31",,"0.0","0.0","0.0","1.7","-6.7",,,,,,
"USC00186350","NATIONAL ARBORETUM DC, MD US","2018-02-01",,"0.0","0.0","0.0","5.0","-5.6",,,,,,
"USC00186350","NATIONAL ARBORETUM DC, MD US","2018-02-03",,"0.0","0.0","0.0",,,,,,,,
"USC00186350","NATIONAL ARBORETUM DC, MD US","2018-02-04",,"0.0","0.0","0.0","1.7","-6.7",,,,,,
"USC00186350","NATIONAL ARBORETUM DC, MD US","2018-02-05",,,"0.0","0.0","4.4","0.0",,,,,,
"USC00186350","NATIONAL ARBORETUM DC, MD US","2018-02-06",,"0.0","0.0","0.0","2.8","-3.9",,,,,,
"USC00186350","NATIONAL ARBORETUM DC, MD US","2018-02-07",,"0.0","0.0","0.0","5.6","-2.2",,,,,,
"USC00186350","NATIONAL ARBORETUM DC, MD US","2018-02-08",,"12.2","0.0","0.0","5.6","-3.9",,,,,,
"USC00186350","NATIONAL ARBORETUM DC, MD US","2018-02-09",,"0.0","0.0","0.0","2.8","-4.4",,,,,,
"USC00186350","NATIONAL ARBORETUM DC, MD US","2018-02-10",,"0.0","0.0","0.0","7.8","-4.4",,,,,,
"USC00186350","NATIONAL ARBORETUM DC, MD US","2018-02-11",,"46.5","0.0","0.0","13.3","3.3",,,,,,
"USC00186350","NATIONAL ARBORETUM DC, MD US","2018-02-12",,"5.8","0.0","0.0","20.6","7.2",,,,,,
"USC00186350","NATIONAL ARBORETUM DC, MD US","2018-02-13",,"0.0","0.0","0.0","10.0","-1.1",,,,,,
"USC00186350","NATIONAL ARBORETUM DC, MD US","2018-02-14",,"0.0","0.0","0.0","5.6","0.0",,,,,,
"USC00186350","NATIONAL ARBORETUM DC, MD US","2018-02-15",,"1.8","0.0","0.0","12.2","2.2",,,,,,
"USC00186350","NATIONAL ARBORETUM DC, MD US","2018-02-16",,"1.3","0.0","0.0","22.8","10.0",,,,,,
"USC00186350","NATIONAL ARBORETUM DC, MD US","2018-02-17",,"0.0","0.0","0.0","17.8","0.0",,,,,,
"USC00186350","NATIONAL ARBORETUM DC, MD US","2018-02-18",,"13.5","13.0",,"6.7","0.6",,,,,,
"USC00186350","NATIONAL ARBORETUM DC, MD US","2018-02-19",,"0.0","0.0","0.0","11.1","1.7",,,,,,
"USC00186350","NATIONAL ARBORETUM DC, MD US","2018-02-20",,"0.3","0.0","0.0","13.3","5.0",,,,,,
"USC00186350","NATIONAL ARBORETUM DC, MD US","2018-02-21",,"0.0","0.0","0.0","25.0","13.3",,,,,,
"USC00186350","NATIONAL ARBORETUM DC, MD US","2018-02-22",,"0.0","0.0","0.0","27.2","13.3",,,,,,
"USC00186350","NATIONAL ARBORETUM DC, MD US","2018-02-23",,"2.3","0.0","0.0","13.3","4.4",,,,,,
"USC00186350","NATIONAL ARBORETUM DC, MD US","2018-02-24",,"0.8","0.0","0.0","10.6","4.4",,"    1",,,,
"USC00186350","NATIONAL ARBORETUM DC, MD US","2018-02-25",,"5.1","0.0","0.0","11.1","8.9",,"    1",,,,
"USC00186350","NATIONAL ARBORETUM DC, MD US","2018-02-26",,"2.8","0.0","0.0","12.8","8.3",,,,,,
"USC00186350","NATIONAL ARBORETUM DC, MD US","2018-02-27",,"0.0","0.0","0.0","13.9","-1.1",,,,,,
"USC00186350","NATIONAL ARBORETUM DC, MD US","2018-02-28",,"0.0","0.0","0.0","15.0","2.8",,,,,,
"USC00186350","NATIONAL ARBORETUM DC, MD US","2018-03-01",,"0.0","0.0","0.0","17.2","6.7",,,,,,
"USC00186350","NATIONAL ARBORETUM DC, MD US","2018-03-02",,"4.3","0.0","0.0","12.8","3.9",,,,,,
"USC00186350","NATIONAL ARBORETUM DC, MD US","2018-03-03",,"0.3","0.0","0.0","12.8","2.2",,,,,,
"USC00186350","NATIONAL ARBORETUM DC, MD US","2018-03-04",,"0.0","0.0","0.0","12.2","1.7",,,,,,
"USC00186350","NATIONAL ARBORETUM DC, MD US","2018-03-05",,"0.0","0.0","0.0",,"-1.1",,,,,,
"USC00186350","NATIONAL ARBORETUM DC, MD US","2018-03-06",,"0.0","0.0","0.0",,"-2.8",,,,,,
"USC00186350","NATIONAL ARBORETUM DC, MD US","2018-03-07",,"8.4","10.0","0.0","8.3","-1.1",,,,,,
"USC00186350","NATIONAL ARBORETUM DC, MD US","2018-03-08",,"0.5","0.0","0.0","8.3","0.6",,,,,,
"USC00186350","NATIONAL ARBORETUM DC, MD US","2018-03-09",,"0.0","0.0","0.0","7.2","0.6",,,,,,
"USC00186350","NATIONAL ARBORETUM DC, MD US","2018-03-10",,"0.0","0.0","0.0","7.2","-1.1",,,,,,
"USC00186350","NATIONAL ARBORETUM DC, MD US","2018-03-11",,"0.0","0.0","0.0","9.4","-2.8",,,,,,
"USC00186350","NATIONAL ARBORETUM DC, MD US","2018-03-12",,"0.0","0.0","0.0","11.1","-2.2",,,,,,
"USC00186350","NATIONAL ARBORETUM DC, MD US","2018-03-13",,"0.0","0.0","0.0","7.8","0.0",,,,,,
"USC00186350","NATIONAL ARBORETUM DC, MD US","2018-03-14",,"0.0","0.0","0.0","8.3","0.0",,,,,,
"USC00186350","NATIONAL ARBORETUM DC, MD US","2018-03-15",,"0.0","0.0","0.0","5.6","0.0",,,,,,
"USC00186350","NATIONAL ARBORETUM DC, MD US","2018-03-16",,"0.0","0.0","0.0","12.8","-0.6",,,,,,
"USC00186350","NATIONAL ARBORETUM DC, MD US","2018-03-17",,"0.0","0.0","0.0","8.3","-2.2",,,,,,
"USC00186350","NATIONAL ARBORETUM DC, MD US","2018-03-18",,"0.0","0.0","0.0","7.2","-1.1",,,,,,
"USC00186350","NATIONAL ARBORETUM DC, MD US","2018-03-19",,"0.0","0.0","0.0","15.0","-0.6",,,,,,
"USC00186350","NATIONAL ARBORETUM DC, MD US","2018-03-20",,"5.3","0.0","0.0","15.0","-0.6",,,,,,
"USC00186350","NATIONAL ARBORETUM DC, MD US","2018-03-21",,"19.1","10.0","0.0","2.2","0.0",,,,,,
"USC00186350","NATIONAL ARBORETUM DC, MD US","2018-03-22",,"15.7","48.0","76.0","2.2","0.0",,,,,,
"USC00186350","NATIONAL ARBORETUM DC, MD US","2018-03-23",,"0.0","0.0","0.0","9.4","1.1",,,,,,
"USC00186350","NATIONAL ARBORETUM DC, MD US","2018-03-24",,"0.0","0.0","0.0","10.0","0.0",,,,,,
"USC00186350","NATIONAL ARBORETUM DC, MD US","2018-03-25",,"0.0","0.0","0.0","11.1","-0.6",,,,,,
"USC00186350","NATIONAL ARBORETUM DC, MD US","2018-03-26",,"0.0","0.0","0.0","9.4","-1.1",,,,,,
"USC00186350","NATIONAL ARBORETUM DC, MD US","2018-03-27",,"0.0","0.0","0.0","10.0","-0.6",,,,,,
"USC00186350","NATIONAL ARBORETUM DC, MD US","2018-03-28",,"1.8","0.0","0.0","8.9","0.0",,,,,,
"USC00186350","NATIONAL ARBORETUM DC, MD US","2018-03-29",,"2.5","0.0","0.0","15.0","6.7",,,,,,
"USC00186350","NATIONAL ARBORETUM DC, MD US","2018-03-30",,"0.0","0.0","0.0","24.4","9.4",,,,,,
"USC00186350","NATIONAL ARBORETUM DC, MD US","2018-03-31",,"0.0","0.0","0.0","23.9","1.7",,,,,,
"USC00186350","NATIONAL ARBORETUM DC, MD US","2018-04-01",,"0.0","0.0","0.0","16.1","5.6",,,,,,
"USC00186350","NATIONAL ARBORETUM DC, MD US","2018-04-02",,"2.0","0.0","0.0","18.3","5.0",,,,,,
"USC00186350","NATIONAL ARBORETUM DC, MD US","2018-04-03",,"0.0","0.0","0.0","8.9","4.4",,,,,,
"USC00186350","NATIONAL ARBORETUM DC, MD US","2018-04-04",,"0.5","0.0","0.0","15.0","6.7",,,,,,
"USC00186350","NATIONAL ARBORETUM DC, MD US","2018-04-05",,"0.0","0.0","0.0","22.2","1.7",,,,,,
"USC00186350","NATIONAL ARBORETUM DC, MD US","2018-04-06",,"0.0","0.0","0.0","13.3","2.8",,,,,,
"USC00186350","NATIONAL ARBORETUM DC, MD US","2018-04-07",,"0.0","0.0","0.0","22.8","6.1",,,,,,
"USC00186350","NATIONAL ARBORETUM DC, MD US","2018-04-08",,"0.0","0.0","0.0","7.2","-0.6",,,,,,
"USC00186350","NATIONAL ARBORETUM DC, MD US","2018-04-09",,"0.0","0.0","0.0","10.6","1.7",,,,,,
"USC00186350","NATIONAL ARBORETUM DC, MD US","2018-04-10",,"0.8","0.0","0.0","7.8","2.2",,,,,,
"USC00186350","NATIONAL ARBORETUM DC, MD US","2018-04-11",,"0.0","0.0","0.0","13.3","2.2",,,,,,
"USC00186350","NATIONAL ARBORETUM DC, MD US","2018-04-12",,"0.0","0.0","0.0","15.0","5.0",,,,,,
"USC00186350","NATIONAL ARBORETUM DC, MD US","2018-04-13",,"0.0","0.0","0.0","24.4","9.4",,,,,,
"USC00186350","NATIONAL ARBORETUM DC, MD US","2018-04-14",,"0.0","0.0","0.0","30.6","16.7",,,,,,
"USC00186350","NATIONAL ARBORETUM DC, MD US","2018-04-15",,"0.0","0.0","0.0","29.4","13.3",,,,,,
"USC00186350","NATIONAL ARBORETUM DC, MD US","2018-04-16",,"43.4","0.0","0.0","19.4","7.8",,,,,,
"USC00186350","NATIONAL ARBORETUM DC, MD US","2018-04-17",,"7.1","0.0","0.0","19.4","4.4",,,,,,
"USC00186350","NATIONAL ARBORETUM DC, MD US","2018-04-18",,"0.0","0.0","0.0","8.9","1.7",,,,,,
"USC00186350","NATIONAL ARBORETUM DC, MD US","2018-04-19",,"0.0","0.0","0.0","17.2","4.4",,,,,,
"USC00186350","NATIONAL ARBORETUM DC, MD US","2018-04-20",,"1.0","0.0","0.0","15.0","3.3",,,,,,
"USC00186350","NATIONAL ARBORETUM DC, MD US","2018-04-21",,"0.0","0.0","0.0","16.7","2.2",,,,,,
"USC00186350","NATIONAL ARBORETUM DC, MD US","2018-04-22",,"0.0","0.0","0.0","17.8","5.0",,,,,,
"USC00186350","NATIONAL ARBORETUM DC, MD US","2018-04-23",,"0.0","0.0","0.0","20.0","7.2",,,,,,
"USC00186350","NATIONAL ARBORETUM DC, MD US","2018-04-24",,"0.0","0.0","0.0","22.2","10.0",,,,,,
"USC00186350","NATIONAL ARBORETUM DC, MD US","2018-04-25",,"20.3","0.0","0.0","17.8","12.2",,,,,,
"USC00186350","NATIONAL ARBORETUM DC, MD US","2018-04-26",,"1.0","0.0","0.0","20.0","8.9",,,,,,
"USC00186350","NATIONAL ARBORETUM DC, MD US","2018-04-27",,"23.1","0.0","0.0","22.8","11.1",,,,,,
"USC00186350","NATIONAL ARBORETUM DC, MD US","2018-04-28",,"0.8","0.0","0.0","17.8","8.9",,,,,,
"USC00186350","NATIONAL ARBORETUM DC, MD US","2018-04-29",,"0.5","0.0","0.0","26.1","7.2",,,,,,
"USC00186350","NATIONAL ARBORETUM DC, MD US","2018-04-30",,"0.0","0.0","0.0","13.9","2.8",,,,,,
"USC00186350","NATIONAL ARBORETUM DC, MD US","2018-05-01",,"0.0","0.0","0.0","22.2","6.1",,,,,,
"USC00186350","NATIONAL ARBORETUM DC, MD US","2018-05-02",,"0.0","0.0","0.0","28.9","10.6",,,,,,
"USC00186350","NATIONAL ARBORETUM DC, MD US","2018-05-03",,"0.0","0.0","0.0","33.9","15.0",,,,,,
"USC00186350","NATIONAL ARBORETUM DC, MD US","2018-05-04",,"0.0","0.0","0.0","33.9","20.6",,,,,,
"USC00186350","NATIONAL ARBORETUM DC, MD US","2018-05-05",,"2.0","0.0","0.0","33.9","20.0",,,,,,
"USC00186350","NATIONAL ARBORETUM DC, MD US","2018-05-06",,"0.3","0.0","0.0",,"15.0",,,,,,
"USC00186350","NATIONAL ARBORETUM DC, MD US","2018-05-07",,"0.0","0.0","0.0","22.8","13.9",,,,,,
"USC00186350","NATIONAL ARBORETUM DC, MD US","2018-05-08",,"0.0","0.0","0.0","25.0","12.2",,,,,,
"USC00186350","NATIONAL ARBORETUM DC, MD US","2018-05-09",,"0.0","0.0","0.0","26.1","11.1",,,,,,
"USC00186350","NATIONAL ARBORETUM DC, MD US","2018-05-10",,"0.0","0.0","0.0","26.7","15.0",,,,,,
"USC00186350","NATIONAL ARBORETUM DC, MD US","2018-05-11",,"0.0","0.0","0.0","28.3","14.4",,,,,,
"USC00186350","NATIONAL ARBORETUM DC, MD US","2018-05-12",,"0.0","0.0","0.0","29.4","17.8",,,,,,
"USC00186350","NATIONAL ARBORETUM DC, MD US","2018-05-13",,"11.4","0.0","0.0","33.3","17.8",,,,,,
"USC00186350","NATIONAL ARBORETUM DC, MD US","2018-05-14",,"3.3","0.0","0.0","22.2","16.7",,,,,,
"USC00186350","NATIONAL ARBORETUM DC, MD US","2018-05-15",,"53.3","0.0","0.0","28.3","17.8",,,,,,
"USC00186350","NATIONAL ARBORETUM DC, MD US","2018-05-16",,"5.8","0.0","0.0","31.7","20.6",,,,,,
"USC00186350","NATIONAL ARBORETUM DC, MD US","2018-05-17",,"30.0","0.0","0.0","24.4","21.7",,,,,,
"USC00186350","NATIONAL ARBORETUM DC, MD US","2018-05-18",,"40.4","0.0","0.0",,,,,,,,
"USC00186350","NATIONAL ARBORETUM DC, MD US","2018-05-19",,"41.7","0.0","0.0",,,,,,,,
"USC00186350","NATIONAL ARBORETUM DC, MD US","2018-05-20",,"2.8","0.0","0.0","23.3","17.8",,,,,,
"USC00186350","NATIONAL ARBORETUM DC, MD US","2018-05-21",,"0.0","0.0","0.0","31.7","19.4",,,,,,
"USC00186350","NATIONAL ARBORETUM DC, MD US","2018-05-22",,"0.0","0.0","0.0","28.3","17.8",,,,,,
"USC00186350","NATIONAL ARBORETUM DC, MD US","2018-05-23",,"23.9","0.0","0.0","27.8","18.9",,,,,,
"USC00186350","NATIONAL ARBORETUM DC, MD US","2018-05-24",,"0.0","0.0","0.0","28.3","15.0",,,,,,
"USC00186350","NATIONAL ARBORETUM DC, MD US","2018-05-25",,"0.0","0.0","0.0","30.6","16.7",,,,,,
"USC00186350","NATIONAL ARBORETUM DC, MD US","2018-05-26",,"0.0","0.0","0.0","31.1","18.9",,,,,,
"USC00186350","NATIONAL ARBORETUM DC, MD US","2018-05-27",,"0.3","0.0","0.0","33.3","23.3",,,,,,
"USC00186350","NATIONAL ARBORETUM DC, MD US","2018-05-28",,"2.3","0.0","0.0","31.7","17.2",,,,,,
"USC00186350","NATIONAL ARBORETUM DC, MD US","2018-05-29",,"0.0","0.0","0.0","22.2","17.8",,,,,,
"USC00186350","NATIONAL ARBORETUM DC, MD US","2018-05-30",,"0.0","0.0","0.0","28.9","20.6",,,,,,
"USC00186350","NATIONAL ARBORETUM DC, MD US","2018-05-31",,"0.5","0.0","0.0","27.2","20.6",,,,,,
"USC00186350","NATIONAL ARBORETUM DC, MD US","2018-06-01",,"38.4","0.0","0.0","30.6","20.6",,,,,,
"USC00186350","NATIONAL ARBORETUM DC, MD US","2018-06-02",,"2.5","0.0","0.0","32.2","22.2",,,,,,
"USC00186350","NATIONAL ARBORETUM DC, MD US","2018-06-03",,"3.6","0.0","0.0","30.0","21.7",,,,,,
"USC00186350","NATIONAL ARBORETUM DC, MD US","2018-06-04",,"63.8","0.0","0.0","21.7","15.6",,,,,,
"USC00186350","NATIONAL ARBORETUM DC, MD US","2018-06-05",,"0.0","0.0","0.0","26.7","13.3",,,,,,
"USC00186350","NATIONAL ARBORETUM DC, MD US","2018-06-06",,"0.0","0.0","0.0","27.8","16.7",,,,,,
"USC00186350","NATIONAL ARBORETUM DC, MD US","2018-06-07",,"0.0","0.0","0.0","24.4","15.0",,,,,,
"USC00186350","NATIONAL ARBORETUM DC, MD US","2018-06-08",,"0.0","0.0","0.0","27.2","16.1",,,,,,
"USC00186350","NATIONAL ARBORETUM DC, MD US","2018-06-09",,"0.0","0.0","0.0","30.0","17.2",,,,,,
"USC00186350","NATIONAL ARBORETUM DC, MD US","2018-06-10",,"13.7","0.0","0.0","29.4","18.3",,,,,,
"USC00186350","NATIONAL ARBORETUM DC, MD US","2018-06-11",,"10.7","0.0","0.0","25.0","15.6",,,,,,
"USC00186350","NATIONAL ARBORETUM DC, MD US","2018-06-12",,"0.8","0.0","0.0","19.4","12.8",,,,,,
"USC00186350","NATIONAL ARBORETUM DC, MD US","2018-06-13",,"0.0","0.0","0.0","25.6","14.4",,,,,,
"USC00186350","NATIONAL ARBORETUM DC, MD US","2018-06-14",,"0.0","0.0","0.0","29.4","20.6",,,,,,
"USC00186350","NATIONAL ARBORETUM DC, MD US","2018-06-15",,"0.0","0.0","0.0","30.0","17.8",,,,,,
"USC00186350","NATIONAL ARBORETUM DC, MD US","2018-06-16",,"0.0","0.0","0.0","29.4","15.0",,,,,,
"USC00186350","NATIONAL ARBORETUM DC, MD US","2018-06-17",,"0.0","0.0","0.0","31.1","21.7",,,,,,
"USC00186350","NATIONAL ARBORETUM DC, MD US","2018-06-18",,"0.0","0.0","0.0","32.8","22.2",,,,,,
"USC00186350","NATIONAL ARBORETUM DC, MD US","2018-06-19",,"0.0","0.0","0.0","33.9","25.0",,,,,,
"USC00186350","NATIONAL ARBORETUM DC, MD US","2018-06-20",,"16.8","0.0","0.0","33.9","21.1",,,,,,
"USC00186350","NATIONAL ARBORETUM DC, MD US","2018-06-21",,"4.3","0.0","0.0","30.6","22.2",,,,,,
"USC00186350","NATIONAL ARBORETUM DC, MD US","2018-06-22",,"2.0","0.0","0.0","29.4","20.6",,,,,,
"USC00186350","NATIONAL ARBORETUM DC, MD US","2018-06-23",,"8.6","0.0","0.0","22.8","20.0",,,,,,
"USC00186350","NATIONAL ARBORETUM DC, MD US","2018-06-24",,"2.8","0.0","0.0","27.8","22.2",,,,,,
"USC00186350","NATIONAL ARBORETUM DC, MD US","2018-06-25",,"1.8","0.0","0.0","31.7","20.6",,,,,,
"USC00186350","NATIONAL ARBORETUM DC, MD US","2018-06-26",,"0.0","0.0","0.0","29.4","16.7",,,,,,
"USC00186350","NATIONAL ARBORETUM DC, MD US","2018-06-27",,"0.0","0.0","0.0","29.4","18.9",,,,,,
"USC00186350","NATIONAL ARBORETUM DC, MD US","2018-06-28",,"4.6","0.0","0.0","27.8","22.2",,,,,,
"USC00186350","NATIONAL ARBORETUM DC, MD US","2018-06-29",,"0.0","0.0","0.0","31.7","21.1",,,,,,
"USC00186350","NATIONAL ARBORETUM DC, MD US","2018-06-30",,"0.0","0.0","0.0","33.9","21.1",,,,,,
"USC00186350","NATIONAL ARBORETUM DC, MD US","2018-07-01",,"0.0","0.0","0.0","34.4","22.8",,,,,,
"USC00186350","NATIONAL ARBORETUM DC, MD US","2018-07-02",,"0.0","0.0","0.0","35.6","24.4",,,,,,
"USC00186350","NATIONAL ARBORETUM DC, MD US","2018-07-03",,"0.0","0.0","0.0","36.7","25.0",,,,,,
"USC00186350","NATIONAL ARBORETUM DC, MD US","2018-07-04",,"0.0","0.0","0.0","36.7","25.0",,,,,,
"USC00186350","NATIONAL ARBORETUM DC, MD US","2018-07-05",,"0.0","0.0","0.0","34.4","26.1",,,,,,
"USC00186350","NATIONAL ARBORETUM DC, MD US","2018-07-06",,"0.0","0.0","0.0","33.9","26.7",,,,,,
"USC00186350","NATIONAL ARBORETUM DC, MD US","2018-07-07",,"0.0","0.0","0.0","31.7","19.4",,,,,,
"USC00186350","NATIONAL ARBORETUM DC, MD US","2018-07-08",,"0.0","0.0","0.0","27.8","14.4",,,,,,
"USC00186350","NATIONAL ARBORETUM DC, MD US","2018-07-09",,"0.0","0.0","0.0","29.4","15.0",,,,,,
"USC00186350","NATIONAL ARBORETUM DC, MD US","2018-07-10",,"0.0","0.0","0.0","31.7","19.4",,,,,,
"USC00186350","NATIONAL ARBORETUM DC, MD US","2018-07-11",,"0.0","0.0","0.0","34.4","23.9",,,,,,
"USC00186350","NATIONAL ARBORETUM DC, MD US","2018-07-12",,"0.0","0.0","0.0","33.9","21.1",,,,,,
"USC00186350","NATIONAL ARBORETUM DC, MD US","2018-07-13",,"0.0","0.0","0.0","32.8","18.9",,,,,,
"USC00186350","NATIONAL ARBORETUM DC, MD US","2018-07-14",,"0.0","0.0","0.0","31.7","20.0",,,,,,
"USC00186350","NATIONAL ARBORETUM DC, MD US","2018-07-15",,"0.0","0.0","0.0","32.8","22.8",,,,,,
"USC00186350","NATIONAL ARBORETUM DC, MD US","2018-07-16",,"0.0","0.0","0.0","32.8","22.2",,,,,,
"USC00186350","NATIONAL ARBORETUM DC, MD US","2018-07-17",,"0.0","0.0","0.0","35.6","25.0",,,,,,
"USC00186350","NATIONAL ARBORETUM DC, MD US","2018-07-18",,"36.1","0.0","0.0","33.3","20.6",,,,,,
"USC00186350","NATIONAL ARBORETUM DC, MD US","2018-07-19",,"0.0","0.0","0.0","31.1","18.9",,,,,,
"USC00186350","NATIONAL ARBORETUM DC, MD US","2018-07-20",,"0.0","0.0","0.0","32.2","18.3",,,,,,
"USC00186350","NATIONAL ARBORETUM DC, MD US","2018-07-21",,"0.0","0.0","0.0","30.0","21.1",,,,,,
"USC00186350","NATIONAL ARBORETUM DC, MD US","2018-07-22",,"102.1","0.0","0.0","23.3","20.0",,,,,,
"USC00186350","NATIONAL ARBORETUM DC, MD US","2018-07-23",,"17.0","0.0","0.0","28.9","22.8",,,,,,
"USC00186350","NATIONAL ARBORETUM DC, MD US","2018-07-24",,"7.6","0.0","0.0","30.0","23.3",,,,,,
"USC00186350","NATIONAL ARBORETUM DC, MD US","2018-07-25",,"10.2","0.0","0.0","30.6","23.3",,,,,,
"USC00186350","NATIONAL ARBORETUM DC, MD US","2018-07-26",,"30.0","0.0","0.0","29.4","23.9",,,,,,
"USC00186350","NATIONAL ARBORETUM DC, MD US","2018-07-27",,"0.0","0.0","0.0","32.8","23.9",,,,,,
"USC00186350","NATIONAL ARBORETUM DC, MD US","2018-07-28",,"0.5","0.0","0.0","33.9","21.1",,,,,,
"USC00186350","NATIONAL ARBORETUM DC, MD US","2018-07-29",,"0.0","0.0","0.0","30.6","18.9",,,,,,
"USC00186350","NATIONAL ARBORETUM DC, MD US","2018-07-30",,"0.0","0.0","0.0","31.1","18.9",,,,,,
"USC00186350","NATIONAL ARBORETUM DC, MD US","2018-07-31",,"11.4","0.0","0.0","25.6","21.7",,,,,,
"USC00186350","NATIONAL ARBORETUM DC, MD US","2018-08-01",,"3.6","0.0","0.0","29.4","23.3",,,,,,
"USC00186350","NATIONAL ARBORETUM DC, MD US","2018-08-02",,"0.0","0.0","0.0","31.7","23.9",,,,,,
"USC00186350","NATIONAL ARBORETUM DC, MD US","2018-08-03",,"24.6","0.0","0.0","30.0","23.3",,,,,,
"USC00186350","NATIONAL ARBORETUM DC, MD US","2018-08-04",,"14.0","0.0","0.0","29.4","24.4",,,,,,
"USC00186350","NATIONAL ARBORETUM DC, MD US","2018-08-05",,"0.0","0.0","0.0","31.7","22.8",,,,,,
"USC00186350","NATIONAL ARBORETUM DC, MD US","2018-08-06",,"0.0","0.0","0.0","34.4","22.8",,,,,,
"USC00186350","NATIONAL ARBORETUM DC, MD US","2018-08-07",,"13.7","0.0","0.0","33.9","23.9",,,,,,
"USC00186350","NATIONAL ARBORETUM DC, MD US","2018-08-08",,"4.1","0.0","0.0","33.3","23.9",,,,,,
"USC00186350","NATIONAL ARBORETUM DC, MD US","2018-08-09",,"0.0","0.0","0.0","33.9","23.3",,,,,,
"USC00186350","NATIONAL ARBORETUM DC, MD US","2018-08-10",,"0.0","0.0","0.0","33.3","22.2",,,,,,
"USC00186350","NATIONAL ARBORETUM DC, MD US","2018-08-11",,"0.0","0.0","0.0","33.3","24.4",,,,,,
"USC00186350","NATIONAL ARBORETUM DC, MD US","2018-08-12",,"0.0","0.0","0.0","33.3","22.2",,,,,,
"USC00186350","NATIONAL ARBORETUM DC, MD US","2018-08-13",,"14.0","0.0","0.0","30.6","22.8",,,,,,
"USC00186350","NATIONAL ARBORETUM DC, MD US","2018-08-14",,"6.1","0.0","0.0","30.6","20.0",,,,,,
"USC00186350","NATIONAL ARBORETUM DC, MD US","2018-08-15",,"0.0","0.0","0.0","30.0","21.1",,,,,,
"USC00186350","NATIONAL ARBORETUM DC, MD US","2018-08-16",,"0.0","0.0","0.0","32.8","21.1",,,,,,
"USC00186350","NATIONAL ARBORETUM DC, MD US","2018-08-17",,"0.0","0.0","0.0","33.9","24.4",,,,,,
"USC00186350","NATIONAL ARBORETUM DC, MD US","2018-08-18",,"0.0","0.0","0.0","33.9","23.3",,,,,,
"USC00186350","NATIONAL ARBORETUM DC, MD US","2018-08-19",,"0.0","0.0","0.0","31.7","21.7",,,,,,
"USC00186350","NATIONAL ARBORETUM DC, MD US","2018-08-20",,"0.0","0.0","0.0","29.4","21.1",,,,,,
"USC00186350","NATIONAL ARBORETUM DC, MD US","2018-08-21",,"0.0","0.0","0.0","27.2","21.1",,,,,,
"USC00186350","NATIONAL ARBORETUM DC, MD US","2018-08-22",,"46.7","0.0","0.0","28.3","22.8",,,,,,
"USC00186350","NATIONAL ARBORETUM DC, MD US","2018-08-23",,"0.0","0.0","0.0","28.9","18.3",,,,,,
"USC00186350","NATIONAL ARBORETUM DC, MD US","2018-08-24",,"0.0","0.0","0.0","27.2","15.0",,,,,,
"USC00186350","NATIONAL ARBORETUM DC, MD US","2018-08-25",,,"0.0","0.0","29.4","16.1",,,,,,
"USC00186350","NATIONAL ARBORETUM DC, MD US","2018-08-26",,"0.0","0.0","0.0","28.9","18.9",,,,,,
"USC00186350","NATIONAL ARBORETUM DC, MD US","2018-08-27",,"0.0","0.0","0.0","31.7","21.7",,,,,,
"USC00186350","NATIONAL ARBORETUM DC, MD US","2018-08-28",,"0.0","0.0","0.0","33.9","23.9",,,,,,
"USC00186350","NATIONAL ARBORETUM DC, MD US","2018-08-29",,"0.0","0.0","0.0","34.4","25.6",,,,,,
"USC00186350","NATIONAL ARBORETUM DC, MD US","2018-08-30",,"0.8","0.0","0.0","35.6","24.4",,,,,,
"USC00186350","NATIONAL ARBORETUM DC, MD US","2018-08-31",,"0.5","0.0","0.0","33.9","23.3",,,,,,
"USC00186350","NATIONAL ARBORETUM DC, MD US","2018-09-01",,"1.3","0.0","0.0","32.2","22.8",,,,,,
"USC00186350","NATIONAL ARBORETUM DC, MD US","2018-09-02",,"7.9","0.0","0.0","31.1","23.3",,,,,,
"USC00186350","NATIONAL ARBORETUM DC, MD US","2018-09-03",,"0.0","0.0","0.0","32.8","25.0",,,,,,
"USC00186350","NATIONAL ARBORETUM DC, MD US","2018-09-04",,"0.5","0.0","0.0","34.4","25.0",,,,,,
"USC00186350","NATIONAL ARBORETUM DC, MD US","2018-09-05",,"29.2","0.0","0.0","35.0","23.9",,,,,,
"USC00186350","NATIONAL ARBORETUM DC, MD US","2018-09-06",,"0.0","0.0","0.0","34.4","25.0",,,,,,
"USC00186350","NATIONAL ARBORETUM DC, MD US","2018-09-07",,"0.0","0.0","0.0","34.4","23.3",,,,,,
"USC00186350","NATIONAL ARBORETUM DC, MD US","2018-09-08",,"44.2","0.0","0.0",,"21.7",,,,,,
"USC00186350","NATIONAL ARBORETUM DC, MD US","2018-09-09",,"25.4","0.0","0.0","26.1","17.2",,,,,,
"USC00186350","NATIONAL ARBORETUM DC, MD US","2018-09-10",,"24.9","0.0","0.0","21.7","18.3",,,,,,
"USC00186350","NATIONAL ARBORETUM DC, MD US","2018-09-11",,"1.3","0.0","0.0","26.7","19.4",,,,,,
"USC00186350","NATIONAL ARBORETUM DC, MD US","2018-09-12",,"0.0","0.0","0.0","27.2","22.2",,,,,,
"USC00186350","NATIONAL ARBORETUM DC, MD US","2018-09-13",,"22.1","0.0","0.0","30.0","22.2",,,,,,
"USC00186350","NATIONAL ARBORETUM DC, MD US","2018-09-14",,"1.0","0.0","0.0","27.8","22.8",,,,,,
"USC00186350","NATIONAL ARBORETUM DC, MD US","2018-09-15",,"0.3","0.0","0.0","26.1","21.1",,,,,,
"USC00186350","NATIONAL ARBORETUM DC, MD US","2018-09-16",,"0.0","0.0","0.0","28.3","20.0",,,,,,
"USC00186350","NATIONAL ARBORETUM DC, MD US","2018-09-17",,"0.0","0.0","0.0","28.9","21.1",,,,,,
"USC00186350","NATIONAL ARBORETUM DC, MD US","2018-09-18",,"36.3","0.0","0.0","28.3","23.3",,,,,,
"USC00186350","NATIONAL ARBORETUM DC, MD US","2018-09-19",,"2.8","0.0","0.0","30.0","20.6",,,,,,
"USC00186350","NATIONAL ARBORETUM DC, MD US","2018-09-20",,"0.0","0.0","0.0","30.6","19.4",,,,,,
"USC00186350","NATIONAL ARBORETUM DC, MD US","2018-09-21",,"0.0","0.0","0.0","28.9","20.6",,,,,,
"USC00186350","NATIONAL ARBORETUM DC, MD US","2018-09-22",,"3.8","0.0","0.0","25.0","20.0",,,,,,
"USC00186350","NATIONAL ARBORETUM DC, MD US","2018-09-23",,"5.1","0.0","0.0","26.1","15.6",,,,,,
"USC00186350","NATIONAL ARBORETUM DC, MD US","2018-09-24",,"18.0","0.0","0.0","19.4","16.1",,,,,,
"USC00186350","NATIONAL ARBORETUM DC, MD US","2018-09-25",,"8.4","0.0","0.0","22.8","19.4",,,,,,
"USC00186350","NATIONAL ARBORETUM DC, MD US","2018-09-26",,"2.3","0.0","0.0","28.3","22.2",,,,,,
"USC00186350","NATIONAL ARBORETUM DC, MD US","2018-09-27",,"17.8","0.0","0.0","30.6","18.9",,,,,,
"USC00186350","NATIONAL ARBORETUM DC, MD US","2018-09-28",,"31.5","0.0","0.0","19.4","14.4",,,,,,
"USC00186350","NATIONAL ARBORETUM DC, MD US","2018-09-29",,"0.0","0.0","0.0","24.4","16.1",,"    1",,,,
"USC00186350","NATIONAL ARBORETUM DC, MD US","2018-09-30",,"0.0","0.0","0.0","26.1","13.9",,,,,,
"USC00186350","NATIONAL ARBORETUM DC, MD US","2018-10-01",,"0.0","0.0","0.0","26.1","13.9",,,,,,
"USC00186350","NATIONAL ARBORETUM DC, MD US","2018-10-02",,"0.0","0.0","0.0","28.3","18.9",,,,,,
"USC00186350","NATIONAL ARBORETUM DC, MD US","2018-10-03",,"0.0","0.0","0.0","28.3","20.0",,,,,,
"USC00186350","NATIONAL ARBORETUM DC, MD US","2018-10-04",,"0.0","0.0","0.0","30.6","18.9",,"    1",,,,
"USC00186350","NATIONAL ARBORETUM DC, MD US","2018-10-05",,"0.5","0.0","0.0","31.7","19.4",,,,,,
"USC00186350","NATIONAL ARBORETUM DC, MD US","2018-10-06",,"0.0","0.0","0.0","21.1","18.3",,,,,,
"USC00186350","NATIONAL ARBORETUM DC, MD US","2018-10-07",,"0.0","0.0","0.0","23.3","19.4",,,,,,
"USC00186350","NATIONAL ARBORETUM DC, MD US","2018-10-08",,"0.0","0.0","0.0","28.9","21.1",,"    1",,,,
"USC00186350","NATIONAL ARBORETUM DC, MD US","2018-10-09",,"0.0","0.0","0.0","30.0","21.1",,,,,,
"USC00186350","NATIONAL ARBORETUM DC, MD US","2018-10-10",,"0.0","0.0","0.0","28.9","21.7",,,,,,
"USC00186350","NATIONAL ARBORETUM DC, MD US","2018-10-11",,"4.3","0.0","0.0","28.9","22.8",,,,,,
"USC00186350","NATIONAL ARBORETUM DC, MD US","2018-10-12",,"33.3","0.0","0.0","27.2","13.9",,,,,,
"USC00186350","NATIONAL ARBORETUM DC, MD US","2018-10-13",,"1.3","0.0","0.0","17.8","10.0",,,,,,
"USC00186350","NATIONAL ARBORETUM DC, MD US","2018-10-14",,"0.8","0.0","0.0",,"6.7",,,,,,
"USC00186350","NATIONAL ARBORETUM DC, MD US","2018-10-15",,"4.8","0.0","0.0","15.0","9.4",,,,,,
"USC00186350","NATIONAL ARBORETUM DC, MD US","2018-10-16",,"2.3","0.0","0.0","22.2","12.8",,,,,,
"USC00186350","NATIONAL ARBORETUM DC, MD US","2018-10-17",,"0.0","0.0","0.0","16.1","11.7",,,,,,
"USC00186350","NATIONAL ARBORETUM DC, MD US","2018-10-18",,"0.0","0.0","0.0","20.6","7.2",,,,,,
"USC00186350","NATIONAL ARBORETUM DC, MD US","2018-10-19",,"0.0","0.0","0.0","14.4","3.9",,,,,,
"USC00186350","NATIONAL ARBORETUM DC, MD US","2018-10-20",,"2.5","0.0","0.0","17.8","3.9",,,,,,
"USC00186350","NATIONAL ARBORETUM DC, MD US","2018-10-21",,"0.3","0.0","0.0","19.4","7.8",,,,,,
"USC00186350","NATIONAL ARBORETUM DC, MD US","2018-10-22",,"0.0","0.0","0.0","11.7","1.7",,,,,,
"USC00186350","NATIONAL ARBORETUM DC, MD US","2018-10-23",,"0.0","0.0","0.0","13.9","1.7",,,,,,
"USC00186350","NATIONAL ARBORETUM DC, MD US","2018-10-24",,"0.0","0.0","0.0","21.1","6.7",,,,,,
"USC00186350","NATIONAL ARBORETUM DC, MD US","2018-10-25",,"0.0","0.0","0.0","13.9","2.8",,,,,,
"USC00186350","NATIONAL ARBORETUM DC, MD US","2018-10-26",,"0.0","0.0","0.0","11.7","4.4",,,,,,
"USC00186350","NATIONAL ARBORETUM DC, MD US","2018-10-27",,"25.7","0.0","0.0","12.8","6.1",,,,,,
"USC00186350","NATIONAL ARBORETUM DC, MD US","2018-10-28",,"6.6","0.0","0.0","12.8","8.3",,,,,,
"USC00186350","NATIONAL ARBORETUM DC, MD US","2018-10-29",,"1.3","0.0","0.0","16.1","10.0",,,,,,
"USC00186350","NATIONAL ARBORETUM DC, MD US","2018-10-30",,"0.3","0.0","0.0","15.6","4.4",,,,,,
"USC00186350","NATIONAL ARBORETUM DC, MD US","2018-10-31",,"0.0","0.0","0.0","17.2","4.4",,,,,,
